[2026-06-04 04:10:33Z INFO HostContext] No proxy settings were found based on environmental variables (http_proxy/https_proxy/HTTP_PROXY/HTTPS_PROXY)
[2026-06-04 04:10:33Z INFO HostContext] Well known directory 'Bin': 'D:\funity\Test1\actions-runner\bin'
[2026-06-04 04:10:33Z INFO HostContext] Well known directory 'Root': 'D:\funity\Test1\actions-runner'
[2026-06-04 04:10:33Z INFO HostContext] Well known config file 'Credentials': 'D:\funity\Test1\actions-runner\.credentials'
[2026-06-04 04:10:33Z INFO HostContext] Well known directory 'Bin': 'D:\funity\Test1\actions-runner\bin'
[2026-06-04 04:10:33Z INFO HostContext] Well known directory 'Root': 'D:\funity\Test1\actions-runner'
[2026-06-04 04:10:33Z INFO HostContext] Well known config file 'Runner': 'D:\funity\Test1\actions-runner\.runner'
[2026-06-04 04:10:33Z INFO Worker] Version: 2.334.0
[2026-06-04 04:10:33Z INFO Worker] Commit: f1995ede5d885c997d13d8eca5467c4ce97fe69c
[2026-06-04 04:10:33Z INFO Worker] Culture: ko-KR
[2026-06-04 04:10:33Z INFO Worker] UI Culture: ko-KR
[2026-06-04 04:10:33Z INFO Worker] Waiting to receive the job message from the channel.
[2026-06-04 04:10:33Z INFO ProcessChannel] Receiving message of length 23291, with hash '139ff748565c717fba628c5967290b4673163ae5a8b305aa32fd2916695dc92a'
[2026-06-04 04:10:33Z INFO Worker] Message received.
[2026-06-04 04:10:33Z INFO Worker] Job message:
 {
  "environmentVariables": [
    {
      "type": 2,
      "file": 1,
      "line": 12,
      "col": 3,
      "map": [
        {
          "key": {
            "type": 0,
            "file": 1,
            "line": 12,
            "col": 3,
            "lit": "FORCE_JAVASCRIPT_ACTIONS_TO_NODE24"
          },
          "value": {
            "type": 0,
            "file": 1,
            "line": 12,
            "col": 39,
            "lit": "true"
          }
        }
      ]
    }
  ],
  "fileTable": [
    ".github/workflows/unity-regression.yml"
  ],
  "mask": [
    {
      "type": "regex",
      "value": "***"
    },
    {
      "type": "regex",
      "value": "***"
    },
    {
      "type": "regex",
      "value": "***"
    },
    {
      "type": "regex",
      "value": "***"
    },
    {
      "type": "regex",
      "value": "***"
    },
    {
      "type": "regex",
      "value": "***"
    },
    {
      "type": "regex",
      "value": "***"
    },
    {
      "type": "regex",
      "value": "***"
    },
    {
      "type": "regex",
      "value": "***"
    },
    {
      "type": "regex",
      "value": "***"
    },
    {
      "type": "regex",
      "value": "***"
    },
    {
      "type": "regex",
      "value": "***"
    },
    {
      "type": "regex",
      "value": "***"
    },
    {
      "type": "regex",
      "value": "***"
    },
    {
      "type": "regex",
      "value": "***"
    },
    {
      "type": "regex",
      "value": "***"
    },
    {
      "type": "regex",
      "value": "***"
    },
    {
      "type": "regex",
      "value": "***"
    },
    {
      "type": "regex",
      "value": "***"
    },
    {
      "type": "regex",
      "value": "***"
    },
    {
      "type": "regex",
      "value": "***"
    },
    {
      "type": "regex",
      "value": "***"
    },
    {
      "type": "regex",
      "value": "***"
    },
    {
      "type": "regex",
      "value": "***"
    }
  ],
  "steps": [
    {
      "type": "action",
      "reference": {
        "type": "repository",
        "name": "actions/checkout",
        "ref": "v4",
        "repositoryType": "GitHub"
      },
      "displayNameToken": {
        "type": 0,
        "file": 1,
        "line": 19,
        "col": 15,
        "lit": "Checkout repository code"
      },
      "contextName": "__actions_checkout",
      "inputs": {
        "type": 2,
        "file": 1,
        "line": 22,
        "col": 11,
        "map": [
          {
            "key": {
              "type": 0,
              "file": 1,
              "line": 22,
              "col": 11,
              "lit": "clean"
            },
            "value": {
              "type": 0,
              "file": 1,
              "line": 22,
              "col": 18,
              "lit": "false"
            }
          }
        ]
      },
      "condition": "success()",
      "id": "f3cb7881-ba46-456c-b326-b1f3728c52ea",
      "name": "__actions_checkout"
    },
    {
      "type": "action",
      "reference": {
        "type": "script"
      },
      "displayNameToken": {
        "type": 0,
        "file": 1,
        "line": 24,
        "col": 15,
        "lit": "Execute Unity QA Master Pipeline"
      },
      "contextName": "__run",
      "inputs": {
        "type": 2,
        "map": [
          {
            "key": "script",
            "value": {
              "type": 0,
              "file": 1,
              "line": 27,
              "col": 14,
              "lit": "cd /d D:\\funity\\Test1\ncall D:\\funity\\Test1\\alt-tests\\run_github_actions_pipeline.bat"
            }
          },
          {
            "key": "shell",
            "value": {
              "type": 0,
              "file": 1,
              "line": 25,
              "col": 16,
              "lit": "cmd"
            }
          }
        ]
      },
      "condition": "success()",
      "id": "2ef37771-0a1a-4d5d-bb7f-6ff9e9f9a2be",
      "name": "__run"
    }
  ],
  "variables": {
    "Actions.EnableHttpRedirects": {
      "value": "true"
    },
    "DistributedTask.AddWarningToNode12Action": {
      "value": "true"
    },
    "DistributedTask.AddWarningToNode16Action": {
      "value": "true"
    },
    "DistributedTask.AllowRunnerContainerHooks": {
      "value": "true"
    },
    "DistributedTask.DeprecateStepOutputCommands": {
      "value": "true"
    },
    "DistributedTask.DetailUntarFailure": {
      "value": "true"
    },
    "DistributedTask.EnableCompositeActions": {
      "value": "true"
    },
    "DistributedTask.EnableJobServerQueueTelemetry": {
      "value": "true"
    },
    "DistributedTask.EnhancedAnnotations": {
      "value": "true"
    },
    "DistributedTask.ForceGithubJavascriptActionsToNode16": {
      "value": "true"
    },
    "DistributedTask.ForceGithubJavascriptActionsToNode20": {
      "value": "true"
    },
    "DistributedTask.LogTemplateErrorsAsDebugMessages": {
      "value": "true"
    },
    "DistributedTask.MarkJobAsFailedOnWorkerCrash": {
      "value": "true"
    },
    "DistributedTask.NewActionMetadata": {
      "value": "true"
    },
    "DistributedTask.UploadStepSummary": {
      "value": "true"
    },
    "DistributedTask.UseActionArchiveCache": {
      "value": "true"
    },
    "DistributedTask.UseWhich2": {
      "value": "true"
    },
    "RunService.FixEmbeddedIssues": {
      "value": "true"
    },
    "actions.runner.requirenode24": {
      "value": "false"
    },
    "actions.runner.usenode24bydefault": {
      "value": "false"
    },
    "actions.runner.warnonnode20": {
      "value": "true"
    },
    "actions_add_check_run_id_to_job_context": {
      "value": "true"
    },
    "actions_batch_action_resolution": {
      "value": "false"
    },
    "actions_container_action_runner_temp": {
      "value": "true"
    },
    "actions_display_helpful_actions_download_errors": {
      "value": "true"
    },
    "actions_runner_compare_workflow_parser": {
      "value": "false"
    },
    "actions_runner_deprecate_linux_arm32": {
      "value": "false"
    },
    "actions_runner_emit_composite_markers": {
      "value": "false"
    },
    "actions_runner_kill_linux_arm32": {
      "value": "false"
    },
    "actions_runner_node20_removal_date": {
      "value": ""
    },
    "actions_runner_node24_default_date": {
      "value": "June 16th, 2026"
    },
    "actions_service_container_command": {
      "value": "true"
    },
    "actions_set_orchestration_id_env_for_actions": {
      "value": "true"
    },
    "actions_skip_retry_complete_job_upon_known_errors": {
      "value": "true"
    },
    "actions_snapshot_preflight_hosted_runner_check": {
      "value": "false"
    },
    "actions_snapshot_preflight_image_gen_pool_check": {
      "value": "false"
    },
    "actions_use_bearer_token_for_codeload": {
      "value": "false"
    },
    "actions_uses_cache_service_v2": {
      "value": "true"
    },
    "github_token": {
      "value": "***",
      "isSecret": true
    },
    "system.from_run_service": {
      "value": "true"
    },
    "system.github.job": {
      "value": "run-regression-tests"
    },
    "system.github.launch_endpoint": {
      "value": "https://launch.actions.githubusercontent.com"
    },
    "system.github.results_endpoint": {
      "value": "https://results-receiver.actions.githubusercontent.com/"
    },
    "system.github.results_upload_with_sdk": {
      "value": "true"
    },
    "system.github.token": {
      "value": "***",
      "isSecret": true
    },
    "system.github.token.permissions": {
      "value": "{\"Contents\":\"read\",\"Metadata\":\"read\",\"Packages\":\"read\"}"
    },
    "system.orchestrationId": {
      "value": "6537e3c4-80e4-4a83-9c21-89f584b533bd.run-regression-tests.__default"
    },
    "system.phaseDisplayName": {
      "value": "run-regression-tests"
    },
    "system.runner.lowdiskspacethreshold": {
      "value": "100"
    },
    "system.runnerEnvironment": {
      "value": "self-hosted"
    },
    "system.runnerGroupName": {
      "value": "Default"
    }
  },
  "messageType": "RunnerJobRequest",
  "plan": {
    "scopeIdentifier": "00000000-0000-0000-0000-000000000000",
    "planType": "actions",
    "version": 0,
    "planId": "6537e3c4-80e4-4a83-9c21-89f584b533bd",
    "planGroup": null,
    "artifactUri": null,
    "artifactLocation": null,
    "definition": null,
    "owner": null
  },
  "timeline": {
    "id": "6537e3c4-80e4-4a83-9c21-89f584b533bd",
    "changeId": 0,
    "location": null
  },
  "jobId": "e454fd80-8b4e-562a-9d31-549fd2276e07",
  "jobDisplayName": "run-regression-tests",
  "jobName": "__default",
  "requestId": 0,
  "lockedUntil": "0001-01-01T00:00:00",
  "resources": {
    "endpoints": [
      {
        "data": {
          "ServerId": "",
          "ServerName": "",
          "CacheServerUrl": "https://artifactcache.actions.githubusercontent.com/nuE4o9r1grKiPPVMC9oNfDhREJbxg1rxN9EUm35iq1N1jZbRnp/",
          "FeedStreamUrl": "wss://results-receiver.actions.githubusercontent.com/_ws/ingest.sock",
          "ResultsServiceUrl": "https://results-receiver.actions.githubusercontent.com/",
          "PipelinesServiceUrl": "https://pipelinesghubeus26.actions.githubusercontent.com/nuE4o9r1grKiPPVMC9oNfDhREJbxg1rxN9EUm35iq1N1jZbRnp/",
          "GenerateIdTokenUrl": "",
          "ConnectivityChecks": "[\"https://broker.actions.githubusercontent.com/health\",\"https://token.actions.githubusercontent.com/ready\",\"https://run.actions.githubusercontent.com/health\"]"
        },
        "name": "SystemVssConnection",
        "url": "https://run-actions-1-azure-eastus.actions.githubusercontent.com/157/",
        "authorization": {
          "parameters": {
            "AccessToken": "***"
          },
          "scheme": "OAuth"
        },
        "isShared": false,
        "isReady": true
      }
    ]
  },
  "contextData": {
    "github": {
      "t": 2,
      "d": [
        {
          "k": "ref",
          "v": "refs/heads/main"
        },
        {
          "k": "sha",
          "v": "fd7921b28588a5920d06e21f9b91d57027a213f8"
        },
        {
          "k": "repository",
          "v": "MunChaeWon/unity-qa-automation-pipeline"
        },
        {
          "k": "repository_owner",
          "v": "MunChaeWon"
        },
        {
          "k": "repository_owner_id",
          "v": "85226429"
        },
        {
          "k": "repositoryUrl",
          "v": "git://github.com/MunChaeWon/unity-qa-automation-pipeline.git"
        },
        {
          "k": "run_id",
          "v": "26930063497"
        },
        {
          "k": "run_number",
          "v": "9"
        },
        {
          "k": "retention_days",
          "v": "90"
        },
        {
          "k": "run_attempt",
          "v": "1"
        },
        {
          "k": "artifact_cache_size_limit",
          "v": "10"
        },
        {
          "k": "repository_visibility",
          "v": "public"
        },
        {
          "k": "actor_id",
          "v": "85226429"
        },
        {
          "k": "actor",
          "v": "MunChaeWon"
        },
        {
          "k": "workflow",
          "v": "Unity QA Automation Regression Pipeline"
        },
        {
          "k": "head_ref",
          "v": ""
        },
        {
          "k": "base_ref",
          "v": ""
        },
        {
          "k": "event_name",
          "v": "push"
        },
        {
          "k": "server_url",
          "v": "https://github.com"
        },
        {
          "k": "api_url",
          "v": "https://api.github.com"
        },
        {
          "k": "graphql_url",
          "v": "https://api.github.com/graphql"
        },
        {
          "k": "ref_name",
          "v": "main"
        },
        {
          "k": "ref_protected",
          "v": false
        },
        {
          "k": "ref_type",
          "v": "branch"
        },
        {
          "k": "secret_source",
          "v": "Actions"
        },
        {
          "k": "event",
          "v": {
            "t": 2,
            "d": [
              {
                "k": "after",
                "v": "fd7921b28588a5920d06e21f9b91d57027a213f8"
              },
              {
                "k": "base_ref",
                "v": null
              },
              {
                "k": "before",
                "v": "8c56c01a2a260a9cda695ac7fcfa8f553360b2cb"
              },
              {
                "k": "commits",
                "v": {
                  "t": 1,
                  "a": [
                    {
                      "t": 2,
                      "d": [
                        {
                          "k": "author",
                          "v": {
                            "t": 2,
                            "d": [
                              {
                                "k": "email",
                                "v": "kiho5044@gmail.com"
                              },
                              {
                                "k": "name",
                                "v": "MunChaeWon"
                              },
                              {
                                "k": "username",
                                "v": "MunChaeWon"
                              }
                            ]
                          }
                        },
                        {
                          "k": "committer",
                          "v": {
                            "t": 2,
                            "d": [
                              {
                                "k": "email",
                                "v": "kiho5044@gmail.com"
                              },
                              {
                                "k": "name",
                                "v": "MunChaeWon"
                              },
                              {
                                "k": "username",
                                "v": "MunChaeWon"
                              }
                            ]
                          }
                        },
                        {
                          "k": "distinct",
                          "v": true
                        },
                        {
                          "k": "id",
                          "v": "fd7921b28588a5920d06e21f9b91d57027a213f8"
                        },
                        {
                          "k": "message",
                          "v": "Feat: 기존 파일 수정 없이 독립된 Actions 전용 무인 배치 파일 신설 및 연동"
                        },
                        {
                          "k": "timestamp",
                          "v": "2026-06-04T13:10:04+09:00"
                        },
                        {
                          "k": "tree_id",
                          "v": "33f1bed6446b936d263e0655bafe4d6fa7a60435"
                        },
                        {
                          "k": "url",
                          "v": "https://github.com/MunChaeWon/unity-qa-automation-pipeline/commit/fd7921b28588a5920d06e21f9b91d57027a213f8"
                        }
                      ]
                    }
                  ]
                }
              },
              {
                "k": "compare",
                "v": "https://github.com/MunChaeWon/unity-qa-automation-pipeline/compare/8c56c01a2a26...fd7921b28588"
              },
              {
                "k": "created",
                "v": false
              },
              {
                "k": "deleted",
                "v": false
              },
              {
                "k": "forced",
                "v": false
              },
              {
                "k": "head_commit",
                "v": {
                  "t": 2,
                  "d": [
                    {
                      "k": "author",
                      "v": {
                        "t": 2,
                        "d": [
                          {
                            "k": "email",
                            "v": "kiho5044@gmail.com"
                          },
                          {
                            "k": "name",
                            "v": "MunChaeWon"
                          },
                          {
                            "k": "username",
                            "v": "MunChaeWon"
                          }
                        ]
                      }
                    },
                    {
                      "k": "committer",
                      "v": {
                        "t": 2,
                        "d": [
                          {
                            "k": "email",
                            "v": "kiho5044@gmail.com"
                          },
                          {
                            "k": "name",
                            "v": "MunChaeWon"
                          },
                          {
                            "k": "username",
                            "v": "MunChaeWon"
                          }
                        ]
                      }
                    },
                    {
                      "k": "distinct",
                      "v": true
                    },
                    {
                      "k": "id",
                      "v": "fd7921b28588a5920d06e21f9b91d57027a213f8"
                    },
                    {
                      "k": "message",
                      "v": "Feat: 기존 파일 수정 없이 독립된 Actions 전용 무인 배치 파일 신설 및 연동"
                    },
                    {
                      "k": "timestamp",
                      "v": "2026-06-04T13:10:04+09:00"
                    },
                    {
                      "k": "tree_id",
                      "v": "33f1bed6446b936d263e0655bafe4d6fa7a60435"
                    },
                    {
                      "k": "url",
                      "v": "https://github.com/MunChaeWon/unity-qa-automation-pipeline/commit/fd7921b28588a5920d06e21f9b91d57027a213f8"
                    }
                  ]
                }
              },
              {
                "k": "pusher",
                "v": {
                  "t": 2,
                  "d": [
                    {
                      "k": "email",
                      "v": "85226429+MunChaeWon@users.noreply.github.com"
                    },
                    {
                      "k": "name",
                      "v": "MunChaeWon"
                    }
                  ]
                }
              },
              {
                "k": "ref",
                "v": "refs/heads/main"
              },
              {
                "k": "repository",
                "v": {
                  "t": 2,
                  "d": [
                    {
                      "k": "allow_forking",
                      "v": true
                    },
                    {
                      "k": "archive_url",
                      "v": "https://api.github.com/repos/MunChaeWon/unity-qa-automation-pipeline/{archive_format}{/ref}"
                    },
                    {
                      "k": "archived",
                      "v": false
                    },
                    {
                      "k": "assignees_url",
                      "v": "https://api.github.com/repos/MunChaeWon/unity-qa-automation-pipeline/assignees{/user}"
                    },
                    {
                      "k": "blobs_url",
                      "v": "https://api.github.com/repos/MunChaeWon/unity-qa-automation-pipeline/git/blobs{/sha}"
                    },
                    {
                      "k": "branches_url",
                      "v": "https://api.github.com/repos/MunChaeWon/unity-qa-automation-pipeline/branches{/branch}"
                    },
                    {
                      "k": "clone_url",
                      "v": "https://github.com/MunChaeWon/unity-qa-automation-pipeline.git"
                    },
                    {
                      "k": "collaborators_url",
                      "v": "https://api.github.com/repos/MunChaeWon/unity-qa-automation-pipeline/collaborators{/collaborator}"
                    },
                    {
                      "k": "comments_url",
                      "v": "https://api.github.com/repos/MunChaeWon/unity-qa-automation-pipeline/comments{/number}"
                    },
                    {
                      "k": "commits_url",
                      "v": "https://api.github.com/repos/MunChaeWon/unity-qa-automation-pipeline/commits{/sha}"
                    },
                    {
                      "k": "compare_url",
                      "v": "https://api.github.com/repos/MunChaeWon/unity-qa-automation-pipeline/compare/{base}...{head}"
                    },
                    {
                      "k": "contents_url",
                      "v": "https://api.github.com/repos/MunChaeWon/unity-qa-automation-pipeline/contents/{+path}"
                    },
                    {
                      "k": "contributors_url",
                      "v": "https://api.github.com/repos/MunChaeWon/unity-qa-automation-pipeline/contributors"
                    },
                    {
                      "k": "created_at",
                      "v": 1779160734.0
                    },
                    {
                      "k": "default_branch",
                      "v": "main"
                    },
                    {
                      "k": "deployments_url",
                      "v": "https://api.github.com/repos/MunChaeWon/unity-qa-automation-pipeline/deployments"
                    },
                    {
                      "k": "description",
                      "v": null
                    },
                    {
                      "k": "disabled",
                      "v": false
                    },
                    {
                      "k": "downloads_url",
                      "v": "https://api.github.com/repos/MunChaeWon/unity-qa-automation-pipeline/downloads"
                    },
                    {
                      "k": "events_url",
                      "v": "https://api.github.com/repos/MunChaeWon/unity-qa-automation-pipeline/events"
                    },
                    {
                      "k": "fork",
                      "v": false
                    },
                    {
                      "k": "forks",
                      "v": 0.0
                    },
                    {
                      "k": "forks_count",
                      "v": 0.0
                    },
                    {
                      "k": "forks_url",
                      "v": "https://api.github.com/repos/MunChaeWon/unity-qa-automation-pipeline/forks"
                    },
                    {
                      "k": "full_name",
                      "v": "MunChaeWon/unity-qa-automation-pipeline"
                    },
                    {
                      "k": "git_commits_url",
                      "v": "https://api.github.com/repos/MunChaeWon/unity-qa-automation-pipeline/git/commits{/sha}"
                    },
                    {
                      "k": "git_refs_url",
                      "v": "https://api.github.com/repos/MunChaeWon/unity-qa-automation-pipeline/git/refs{/sha}"
                    },
                    {
                      "k": "git_tags_url",
                      "v": "https://api.github.com/repos/MunChaeWon/unity-qa-automation-pipeline/git/tags{/sha}"
                    },
                    {
                      "k": "git_url",
                      "v": "git://github.com/MunChaeWon/unity-qa-automation-pipeline.git"
                    },
                    {
                      "k": "has_discussions",
                      "v": false
                    },
                    {
                      "k": "has_downloads",
                      "v": true
                    },
                    {
                      "k": "has_issues",
                      "v": true
                    },
                    {
                      "k": "has_pages",
                      "v": false
                    },
                    {
                      "k": "has_projects",
                      "v": true
                    },
                    {
                      "k": "has_pull_requests",
                      "v": true
                    },
                    {
                      "k": "has_wiki",
                      "v": true
                    },
                    {
                      "k": "homepage",
                      "v": null
                    },
                    {
                      "k": "hooks_url",
                      "v": "https://api.github.com/repos/MunChaeWon/unity-qa-automation-pipeline/hooks"
                    },
                    {
                      "k": "html_url",
                      "v": "https://github.com/MunChaeWon/unity-qa-automation-pipeline"
                    },
                    {
                      "k": "id",
                      "v": 1243086806.0
                    },
                    {
                      "k": "is_template",
                      "v": false
                    },
                    {
                      "k": "issue_comment_url",
                      "v": "https://api.github.com/repos/MunChaeWon/unity-qa-automation-pipeline/issues/comments{/number}"
                    },
                    {
                      "k": "issue_events_url",
                      "v": "https://api.github.com/repos/MunChaeWon/unity-qa-automation-pipeline/issues/events{/number}"
                    },
                    {
                      "k": "issues_url",
                      "v": "https://api.github.com/repos/MunChaeWon/unity-qa-automation-pipeline/issues{/number}"
                    },
                    {
                      "k": "keys_url",
                      "v": "https://api.github.com/repos/MunChaeWon/unity-qa-automation-pipeline/keys{/key_id}"
                    },
                    {
                      "k": "labels_url",
                      "v": "https://api.github.com/repos/MunChaeWon/unity-qa-automation-pipeline/labels{/name}"
                    },
                    {
                      "k": "language",
                      "v": "JavaScript"
                    },
                    {
                      "k": "languages_url",
                      "v": "https://api.github.com/repos/MunChaeWon/unity-qa-automation-pipeline/languages"
                    },
                    {
                      "k": "license",
                      "v": null
                    },
                    {
                      "k": "master_branch",
                      "v": "main"
                    },
                    {
                      "k": "merges_url",
                      "v": "https://api.github.com/repos/MunChaeWon/unity-qa-automation-pipeline/merges"
                    },
                    {
                      "k": "milestones_url",
                      "v": "https://api.github.com/repos/MunChaeWon/unity-qa-automation-pipeline/milestones{/number}"
                    },
                    {
                      "k": "mirror_url",
                      "v": null
                    },
                    {
                      "k": "name",
                      "v": "unity-qa-automation-pipeline"
                    },
                    {
                      "k": "node_id",
                      "v": "R_kgDOShf_1g"
                    },
                    {
                      "k": "notifications_url",
                      "v": "https://api.github.com/repos/MunChaeWon/unity-qa-automation-pipeline/notifications{?since,all,participating}"
                    },
                    {
                      "k": "open_issues",
                      "v": 0.0
                    },
                    {
                      "k": "open_issues_count",
                      "v": 0.0
                    },
                    {
                      "k": "owner",
                      "v": {
                        "t": 2,
                        "d": [
                          {
                            "k": "avatar_url",
                            "v": "https://avatars.githubusercontent.com/u/85226429?v=4"
                          },
                          {
                            "k": "email",
                            "v": "85226429+MunChaeWon@users.noreply.github.com"
                          },
                          {
                            "k": "events_url",
                            "v": "https://api.github.com/users/MunChaeWon/events{/privacy}"
                          },
                          {
                            "k": "followers_url",
                            "v": "https://api.github.com/users/MunChaeWon/followers"
                          },
                          {
                            "k": "following_url",
                            "v": "https://api.github.com/users/MunChaeWon/following{/other_user}"
                          },
                          {
                            "k": "gists_url",
                            "v": "https://api.github.com/users/MunChaeWon/gists{/gist_id}"
                          },
                          {
                            "k": "gravatar_id",
                            "v": ""
                          },
                          {
                            "k": "html_url",
                            "v": "https://github.com/MunChaeWon"
                          },
                          {
                            "k": "id",
                            "v": 85226429.0
                          },
                          {
                            "k": "login",
                            "v": "MunChaeWon"
                          },
                          {
                            "k": "name",
                            "v": "MunChaeWon"
                          },
                          {
                            "k": "node_id",
                            "v": "MDQ6VXNlcjg1MjI2NDI5"
                          },
                          {
                            "k": "organizations_url",
                            "v": "https://api.github.com/users/MunChaeWon/orgs"
                          },
                          {
                            "k": "received_events_url",
                            "v": "https://api.github.com/users/MunChaeWon/received_events"
                          },
                          {
                            "k": "repos_url",
                            "v": "https://api.github.com/users/MunChaeWon/repos"
                          },
                          {
                            "k": "site_admin",
                            "v": false
                          },
                          {
                            "k": "starred_url",
                            "v": "https://api.github.com/users/MunChaeWon/starred{/owner}{/repo}"
                          },
                          {
                            "k": "subscriptions_url",
                            "v": "https://api.github.com/users/MunChaeWon/subscriptions"
                          },
                          {
                            "k": "type",
                            "v": "User"
                          },
                          {
                            "k": "url",
                            "v": "https://api.github.com/users/MunChaeWon"
                          },
                          {
                            "k": "user_view_type",
                            "v": "public"
                          }
                        ]
                      }
                    },
                    {
                      "k": "private",
                      "v": false
                    },
                    {
                      "k": "pull_request_creation_policy",
                      "v": "all"
                    },
                    {
                      "k": "pulls_url",
                      "v": "https://api.github.com/repos/MunChaeWon/unity-qa-automation-pipeline/pulls{/number}"
                    },
                    {
                      "k": "pushed_at",
                      "v": 1780546210.0
                    },
                    {
                      "k": "releases_url",
                      "v": "https://api.github.com/repos/MunChaeWon/unity-qa-automation-pipeline/releases{/id}"
                    },
                    {
                      "k": "size",
                      "v": 25730.0
                    },
                    {
                      "k": "ssh_url",
                      "v": "git@github.com:MunChaeWon/unity-qa-automation-pipeline.git"
                    },
                    {
                      "k": "stargazers",
                      "v": 0.0
                    },
                    {
                      "k": "stargazers_count",
                      "v": 0.0
                    },
                    {
                      "k": "stargazers_url",
                      "v": "https://api.github.com/repos/MunChaeWon/unity-qa-automation-pipeline/stargazers"
                    },
                    {
                      "k": "statuses_url",
                      "v": "https://api.github.com/repos/MunChaeWon/unity-qa-automation-pipeline/statuses/{sha}"
                    },
                    {
                      "k": "subscribers_url",
                      "v": "https://api.github.com/repos/MunChaeWon/unity-qa-automation-pipeline/subscribers"
                    },
                    {
                      "k": "subscription_url",
                      "v": "https://api.github.com/repos/MunChaeWon/unity-qa-automation-pipeline/subscription"
                    },
                    {
                      "k": "svn_url",
                      "v": "https://github.com/MunChaeWon/unity-qa-automation-pipeline"
                    },
                    {
                      "k": "tags_url",
                      "v": "https://api.github.com/repos/MunChaeWon/unity-qa-automation-pipeline/tags"
                    },
                    {
                      "k": "teams_url",
                      "v": "https://api.github.com/repos/MunChaeWon/unity-qa-automation-pipeline/teams"
                    },
                    {
                      "k": "topics",
                      "v": {
                        "t": 1
                      }
                    },
                    {
                      "k": "trees_url",
                      "v": "https://api.github.com/repos/MunChaeWon/unity-qa-automation-pipeline/git/trees{/sha}"
                    },
                    {
                      "k": "updated_at",
                      "v": "2026-06-04T04:01:26Z"
                    },
                    {
                      "k": "url",
                      "v": "https://api.github.com/repos/MunChaeWon/unity-qa-automation-pipeline"
                    },
                    {
                      "k": "visibility",
                      "v": "public"
                    },
                    {
                      "k": "watchers",
                      "v": 0.0
                    },
                    {
                      "k": "watchers_count",
                      "v": 0.0
                    },
                    {
                      "k": "web_commit_signoff_required",
                      "v": false
                    }
                  ]
                }
              },
              {
                "k": "sender",
                "v": {
                  "t": 2,
                  "d": [
                    {
                      "k": "avatar_url",
                      "v": "https://avatars.githubusercontent.com/u/85226429?v=4"
                    },
                    {
                      "k": "events_url",
                      "v": "https://api.github.com/users/MunChaeWon/events{/privacy}"
                    },
                    {
                      "k": "followers_url",
                      "v": "https://api.github.com/users/MunChaeWon/followers"
                    },
                    {
                      "k": "following_url",
                      "v": "https://api.github.com/users/MunChaeWon/following{/other_user}"
                    },
                    {
                      "k": "gists_url",
                      "v": "https://api.github.com/users/MunChaeWon/gists{/gist_id}"
                    },
                    {
                      "k": "gravatar_id",
                      "v": ""
                    },
                    {
                      "k": "html_url",
                      "v": "https://github.com/MunChaeWon"
                    },
                    {
                      "k": "id",
                      "v": 85226429.0
                    },
                    {
                      "k": "login",
                      "v": "MunChaeWon"
                    },
                    {
                      "k": "node_id",
                      "v": "MDQ6VXNlcjg1MjI2NDI5"
                    },
                    {
                      "k": "organizations_url",
                      "v": "https://api.github.com/users/MunChaeWon/orgs"
                    },
                    {
                      "k": "received_events_url",
                      "v": "https://api.github.com/users/MunChaeWon/received_events"
                    },
                    {
                      "k": "repos_url",
                      "v": "https://api.github.com/users/MunChaeWon/repos"
                    },
                    {
                      "k": "site_admin",
                      "v": false
                    },
                    {
                      "k": "starred_url",
                      "v": "https://api.github.com/users/MunChaeWon/starred{/owner}{/repo}"
                    },
                    {
                      "k": "subscriptions_url",
                      "v": "https://api.github.com/users/MunChaeWon/subscriptions"
                    },
                    {
                      "k": "type",
                      "v": "User"
                    },
                    {
                      "k": "url",
                      "v": "https://api.github.com/users/MunChaeWon"
                    },
                    {
                      "k": "user_view_type",
                      "v": "public"
                    }
                  ]
                }
              }
            ]
          }
        },
        {
          "k": "workflow_ref",
          "v": "MunChaeWon/unity-qa-automation-pipeline/.github/workflows/unity-regression.yml@refs/heads/main"
        },
        {
          "k": "workflow_sha",
          "v": "fd7921b28588a5920d06e21f9b91d57027a213f8"
        },
        {
          "k": "repository_id",
          "v": "1243086806"
        },
        {
          "k": "triggering_actor",
          "v": "MunChaeWon"
        }
      ]
    },
    "inputs": {
      "t": 2
    },
    "job": {
      "t": 2,
      "d": [
        {
          "k": "check_run_id",
          "v": 79447829198.0
        },
        {
          "k": "workflow_ref",
          "v": "MunChaeWon/unity-qa-automation-pipeline/.github/workflows/unity-regression.yml@refs/heads/main"
        },
        {
          "k": "workflow_sha",
          "v": "fd7921b28588a5920d06e21f9b91d57027a213f8"
        },
        {
          "k": "workflow_repository",
          "v": "MunChaeWon/unity-qa-automation-pipeline"
        },
        {
          "k": "workflow_file_path",
          "v": ".github/workflows/unity-regression.yml"
        }
      ]
    },
    "matrix": null,
    "needs": {
      "t": 2
    },
    "strategy": {
      "t": 2,
      "d": [
        {
          "k": "fail-fast",
          "v": true
        },
        {
          "k": "job-index",
          "v": 0.0
        },
        {
          "k": "job-total",
          "v": 1.0
        },
        {
          "k": "max-parallel",
          "v": 1.0
        }
      ]
    },
    "vars": {
      "t": 2
    }
  },
  "billingOwnerId": "U_kgDOBRRzvQ"
}
[2026-06-04 04:10:33Z INFO JobRunner] Job ID e454fd80-8b4e-562a-9d31-549fd2276e07
[2026-06-04 04:10:33Z INFO ConfigurationStore] currentAssemblyLocation: D:\funity\Test1\actions-runner\bin\Runner.Worker.dll
[2026-06-04 04:10:33Z INFO HostContext] Well known directory 'Bin': 'D:\funity\Test1\actions-runner\bin'
[2026-06-04 04:10:33Z INFO ConfigurationStore] binPath: D:\funity\Test1\actions-runner\bin
[2026-06-04 04:10:33Z INFO HostContext] Well known directory 'Bin': 'D:\funity\Test1\actions-runner\bin'
[2026-06-04 04:10:33Z INFO HostContext] Well known directory 'Root': 'D:\funity\Test1\actions-runner'
[2026-06-04 04:10:33Z INFO ConfigurationStore] RootFolder: D:\funity\Test1\actions-runner
[2026-06-04 04:10:33Z INFO HostContext] Well known directory 'Bin': 'D:\funity\Test1\actions-runner\bin'
[2026-06-04 04:10:33Z INFO HostContext] Well known directory 'Root': 'D:\funity\Test1\actions-runner'
[2026-06-04 04:10:33Z INFO HostContext] Well known config file 'Runner': 'D:\funity\Test1\actions-runner\.runner'
[2026-06-04 04:10:33Z INFO ConfigurationStore] ConfigFilePath: D:\funity\Test1\actions-runner\.runner
[2026-06-04 04:10:33Z INFO HostContext] Well known directory 'Bin': 'D:\funity\Test1\actions-runner\bin'
[2026-06-04 04:10:33Z INFO HostContext] Well known directory 'Root': 'D:\funity\Test1\actions-runner'
[2026-06-04 04:10:33Z INFO HostContext] Well known config file 'MigratedRunner': 'D:\funity\Test1\actions-runner\.runner_migrated'
[2026-06-04 04:10:33Z INFO ConfigurationStore] MigratedConfigFilePath: D:\funity\Test1\actions-runner\.runner_migrated
[2026-06-04 04:10:33Z INFO HostContext] Well known directory 'Bin': 'D:\funity\Test1\actions-runner\bin'
[2026-06-04 04:10:33Z INFO HostContext] Well known directory 'Root': 'D:\funity\Test1\actions-runner'
[2026-06-04 04:10:33Z INFO HostContext] Well known config file 'Credentials': 'D:\funity\Test1\actions-runner\.credentials'
[2026-06-04 04:10:33Z INFO ConfigurationStore] CredFilePath: D:\funity\Test1\actions-runner\.credentials
[2026-06-04 04:10:33Z INFO HostContext] Well known directory 'Bin': 'D:\funity\Test1\actions-runner\bin'
[2026-06-04 04:10:33Z INFO HostContext] Well known directory 'Root': 'D:\funity\Test1\actions-runner'
[2026-06-04 04:10:33Z INFO HostContext] Well known config file 'MigratedCredentials': 'D:\funity\Test1\actions-runner\.credentials_migrated'
[2026-06-04 04:10:33Z INFO ConfigurationStore] MigratedCredFilePath: D:\funity\Test1\actions-runner\.credentials_migrated
[2026-06-04 04:10:33Z INFO HostContext] Well known directory 'Bin': 'D:\funity\Test1\actions-runner\bin'
[2026-06-04 04:10:33Z INFO HostContext] Well known directory 'Root': 'D:\funity\Test1\actions-runner'
[2026-06-04 04:10:33Z INFO HostContext] Well known config file 'Service': 'D:\funity\Test1\actions-runner\.service'
[2026-06-04 04:10:33Z INFO ConfigurationStore] ServiceConfigFilePath: D:\funity\Test1\actions-runner\.service
[2026-06-04 04:10:33Z INFO ConfigurationStore] Read setting file: 418 chars
[2026-06-04 04:10:33Z INFO JobRunner] Initializing launch client
[2026-06-04 04:10:33Z INFO JobServerQueue] Initializing results client
[2026-06-04 04:10:33Z INFO ResultServer] Creating websocket client ...wss://results-receiver.actions.githubusercontent.com/_ws/ingest.sock
[2026-06-04 04:10:33Z INFO ResultServer] Attempting to start websocket client with delay 00:00:00.
[2026-06-04 04:10:33Z INFO JobServerQueue] Start process web console line queue.
[2026-06-04 04:10:34Z INFO JobServerQueue] Start process file upload queue.
[2026-06-04 04:10:34Z INFO JobServerQueue] Start results file upload queue.
[2026-06-04 04:10:34Z INFO JobServerQueue] Starting results-based upload queue...
[2026-06-04 04:10:34Z INFO JobServerQueue] Start process timeline update queue.
[2026-06-04 04:10:34Z INFO ExecutionContext] Initializing Job context
[2026-06-04 04:10:34Z INFO ExecutionContext] Initialize GitHub context
[2026-06-04 04:10:34Z INFO ExecutionContext] Initialize Env context
[2026-06-04 04:10:34Z INFO HostContext] Well known directory 'Bin': 'D:\funity\Test1\actions-runner\bin'
[2026-06-04 04:10:34Z INFO HostContext] Well known directory 'Root': 'D:\funity\Test1\actions-runner'
[2026-06-04 04:10:34Z INFO HostContext] Well known directory 'Diag': 'D:\funity\Test1\actions-runner\_diag'
[2026-06-04 04:10:34Z INFO HostContext] Well known directory 'Bin': 'D:\funity\Test1\actions-runner\bin'
[2026-06-04 04:10:34Z INFO HostContext] Well known directory 'Root': 'D:\funity\Test1\actions-runner'
[2026-06-04 04:10:34Z INFO HostContext] Well known directory 'Diag': 'D:\funity\Test1\actions-runner\_diag'
[2026-06-04 04:10:34Z INFO JobRunner] Starting the job execution context.
[2026-06-04 04:10:34Z INFO HostContext] Well known directory 'Bin': 'D:\funity\Test1\actions-runner\bin'
[2026-06-04 04:10:34Z INFO HostContext] Well known directory 'Root': 'D:\funity\Test1\actions-runner'
[2026-06-04 04:10:34Z INFO HostContext] Well known directory 'Work': 'D:\funity\Test1\actions-runner\_work'
[2026-06-04 04:10:34Z INFO JobRunner] Validating directory permissions for: 'D:\funity\Test1\actions-runner\_work'
[2026-06-04 04:10:34Z INFO HostContext] Well known directory 'Bin': 'D:\funity\Test1\actions-runner\bin'
[2026-06-04 04:10:34Z INFO HostContext] Well known directory 'Root': 'D:\funity\Test1\actions-runner'
[2026-06-04 04:10:34Z INFO HostContext] Well known directory 'Work': 'D:\funity\Test1\actions-runner\_work'
[2026-06-04 04:10:34Z INFO HostContext] Well known directory 'Tools': 'D:\funity\Test1\actions-runner\_work\_tool'
[2026-06-04 04:10:34Z INFO HostContext] Well known directory 'Bin': 'D:\funity\Test1\actions-runner\bin'
[2026-06-04 04:10:34Z INFO HostContext] Well known directory 'Root': 'D:\funity\Test1\actions-runner'
[2026-06-04 04:10:34Z INFO HostContext] Well known directory 'Work': 'D:\funity\Test1\actions-runner\_work'
[2026-06-04 04:10:34Z INFO HostContext] Well known directory 'Temp': 'D:\funity\Test1\actions-runner\_work\_temp'
[2026-06-04 04:10:34Z INFO JobRunner] Getting job extension.
[2026-06-04 04:10:34Z INFO JobRunner] Initialize job. Getting all job steps.
[2026-06-04 04:10:34Z INFO HostContext] Well known directory 'Bin': 'D:\funity\Test1\actions-runner\bin'
[2026-06-04 04:10:34Z INFO HostContext] Well known directory 'Root': 'D:\funity\Test1\actions-runner'
[2026-06-04 04:10:34Z INFO HostContext] Well known directory 'Diag': 'D:\funity\Test1\actions-runner\_diag'
[2026-06-04 04:10:34Z INFO HostContext] Well known directory 'Bin': 'D:\funity\Test1\actions-runner\bin'
[2026-06-04 04:10:34Z INFO HostContext] Well known directory 'Root': 'D:\funity\Test1\actions-runner'
[2026-06-04 04:10:34Z INFO HostContext] Well known directory 'Diag': 'D:\funity\Test1\actions-runner\_diag'
[2026-06-04 04:10:34Z INFO HostContext] Well known directory 'Bin': 'D:\funity\Test1\actions-runner\bin'
[2026-06-04 04:10:34Z INFO HostContext] Well known directory 'Root': 'D:\funity\Test1\actions-runner'
[2026-06-04 04:10:34Z INFO HostContext] Well known config file 'Credentials': 'D:\funity\Test1\actions-runner\.credentials'
[2026-06-04 04:10:34Z INFO HostContext] Well known directory 'Bin': 'D:\funity\Test1\actions-runner\bin'
[2026-06-04 04:10:34Z INFO HostContext] Well known directory 'Root': 'D:\funity\Test1\actions-runner'
[2026-06-04 04:10:34Z INFO HostContext] Well known config file 'SetupInfo': 'D:\funity\Test1\actions-runner\.setup_info'
[2026-06-04 04:10:34Z INFO HostContext] Well known directory 'Bin': 'D:\funity\Test1\actions-runner\bin'
[2026-06-04 04:10:34Z INFO HostContext] Well known directory 'Root': 'D:\funity\Test1\actions-runner'
[2026-06-04 04:10:34Z INFO HostContext] Well known directory 'Work': 'D:\funity\Test1\actions-runner\_work'
[2026-06-04 04:10:34Z INFO PipelineDirectoryManager] Loading tracking config if exists: D:\funity\Test1\actions-runner\_work\_PipelineMapping\MunChaeWon/unity-qa-automation-pipeline\PipelineFolder.json
[2026-06-04 04:10:34Z INFO PipelineDirectoryManager] Updating job run properties.
[2026-06-04 04:10:34Z INFO HostContext] Well known directory 'Bin': 'D:\funity\Test1\actions-runner\bin'
[2026-06-04 04:10:34Z INFO HostContext] Well known directory 'Root': 'D:\funity\Test1\actions-runner'
[2026-06-04 04:10:34Z INFO HostContext] Well known directory 'Work': 'D:\funity\Test1\actions-runner\_work'
[2026-06-04 04:10:34Z INFO HostContext] Well known directory 'Bin': 'D:\funity\Test1\actions-runner\bin'
[2026-06-04 04:10:34Z INFO HostContext] Well known directory 'Root': 'D:\funity\Test1\actions-runner'
[2026-06-04 04:10:34Z INFO HostContext] Well known directory 'Work': 'D:\funity\Test1\actions-runner\_work'
[2026-06-04 04:10:34Z INFO HostContext] Well known directory 'Bin': 'D:\funity\Test1\actions-runner\bin'
[2026-06-04 04:10:34Z INFO HostContext] Well known directory 'Root': 'D:\funity\Test1\actions-runner'
[2026-06-04 04:10:34Z INFO HostContext] Well known directory 'Work': 'D:\funity\Test1\actions-runner\_work'
[2026-06-04 04:10:34Z INFO JobExtension] Downloading actions
[2026-06-04 04:10:34Z INFO HostContext] Well known directory 'Bin': 'D:\funity\Test1\actions-runner\bin'
[2026-06-04 04:10:34Z INFO HostContext] Well known directory 'Root': 'D:\funity\Test1\actions-runner'
[2026-06-04 04:10:34Z INFO HostContext] Well known directory 'Work': 'D:\funity\Test1\actions-runner\_work'
[2026-06-04 04:10:34Z INFO HostContext] Well known directory 'Actions': 'D:\funity\Test1\actions-runner\_work\_actions'
[2026-06-04 04:10:34Z INFO Worker] Listening for cancel message from the channel.
[2026-06-04 04:10:34Z INFO Worker] Waiting for the job to complete or for a cancel message from the channel.
[2026-06-04 04:10:34Z INFO ResultServer] Successfully started websocket client.
[2026-06-04 04:10:34Z INFO JobServerQueue] Try to append 1 batches web console lines for record '295c6a83-928c-4358-abd9-476de2c7d957', success rate: 1/1.
[2026-06-04 04:10:35Z INFO HostContext] Well known directory 'Bin': 'D:\funity\Test1\actions-runner\bin'
[2026-06-04 04:10:35Z INFO HostContext] Well known directory 'Root': 'D:\funity\Test1\actions-runner'
[2026-06-04 04:10:35Z INFO HostContext] Well known directory 'Work': 'D:\funity\Test1\actions-runner\_work'
[2026-06-04 04:10:35Z INFO HostContext] Well known directory 'Actions': 'D:\funity\Test1\actions-runner\_work\_actions'
[2026-06-04 04:10:35Z INFO HostContext] Well known directory 'Bin': 'D:\funity\Test1\actions-runner\bin'
[2026-06-04 04:10:35Z INFO HostContext] Well known directory 'Root': 'D:\funity\Test1\actions-runner'
[2026-06-04 04:10:35Z INFO HostContext] Well known directory 'Work': 'D:\funity\Test1\actions-runner\_work'
[2026-06-04 04:10:35Z INFO HostContext] Well known directory 'Actions': 'D:\funity\Test1\actions-runner\_work\_actions'
[2026-06-04 04:10:35Z INFO ActionManager] Save archive 'https://codeload.github.com/actions/checkout/zip/34e114876b0b11c390a56381ad16ebd13914f8d5' into D:\funity\Test1\actions-runner\_work\_actions\_temp_85f8b3c7-a7ec-47cf-8097-e1ee1105ac4b\1270ee5f-8926-4b43-8d2a-90e7cb4f39c1.zip.
[2026-06-04 04:10:35Z INFO ActionManager] Using Basic token for action archive download.
[2026-06-04 04:10:35Z INFO JobServerQueue] Job timeline record has been updated for the first time.
[2026-06-04 04:10:35Z INFO JobServerQueue] Try to append 1 batches web console lines for record '295c6a83-928c-4358-abd9-476de2c7d957', success rate: 1/1.
[2026-06-04 04:10:36Z INFO ActionManager] Request URL: https://codeload.github.com/actions/checkout/zip/34e114876b0b11c390a56381ad16ebd13914f8d5 X-GitHub-Request-Id: E0DC:35CF93:7E920:50F1E0:6A20FABC Http Status: OK
[2026-06-04 04:10:36Z INFO ActionManager] Finished getting action repository.
[2026-06-04 04:10:36Z INFO HostContext] Well known directory 'Bin': 'D:\funity\Test1\actions-runner\bin'
[2026-06-04 04:10:36Z INFO HostContext] Well known directory 'Root': 'D:\funity\Test1\actions-runner'
[2026-06-04 04:10:36Z INFO HostContext] Well known directory 'Work': 'D:\funity\Test1\actions-runner\_work'
[2026-06-04 04:10:36Z INFO HostContext] Well known directory 'Actions': 'D:\funity\Test1\actions-runner\_work\_actions'
[2026-06-04 04:10:36Z INFO ActionManifestManagerLegacy] Load schema file with definitions: [
  "null",
  "boolean",
  "number",
  "string",
  "sequence",
  "mapping",
  "any",
  "action-root",
  "inputs",
  "input",
  "outputs",
  "output-definition",
  "runs",
  "container-runs",
  "container-runs-args",
  "container-runs-env",
  "node-runs",
  "plugin-runs",
  "composite-runs",
  "composite-steps",
  "composite-step",
  "run-step",
  "uses-step",
  "container-runs-context",
  "output-value",
  "input-default-context",
  "non-empty-string",
  "string-steps-context",
  "boolean-steps-context",
  "step-env",
  "step-if",
  "step-with"
]
[2026-06-04 04:10:36Z INFO ActionManifestManager] Load schema file with definitions: [
  "null",
  "boolean",
  "number",
  "string",
  "sequence",
  "mapping",
  "any",
  "action-root",
  "inputs",
  "input",
  "outputs",
  "output-definition",
  "runs",
  "container-runs",
  "container-runs-args",
  "container-runs-env",
  "node-runs",
  "plugin-runs",
  "composite-runs",
  "composite-steps",
  "composite-step",
  "run-step",
  "uses-step",
  "container-runs-context",
  "output-value",
  "input-default-context",
  "non-empty-string",
  "string-steps-context",
  "boolean-steps-context",
  "step-env",
  "step-if",
  "step-with"
]
[2026-06-04 04:10:36Z INFO HostContext] Well known directory 'Bin': 'D:\funity\Test1\actions-runner\bin'
[2026-06-04 04:10:36Z INFO HostContext] Well known directory 'Root': 'D:\funity\Test1\actions-runner'
[2026-06-04 04:10:36Z INFO HostContext] Well known directory 'Work': 'D:\funity\Test1\actions-runner\_work'
[2026-06-04 04:10:36Z INFO HostContext] Well known directory 'Actions': 'D:\funity\Test1\actions-runner\_work\_actions'
[2026-06-04 04:10:37Z INFO ActionManifestManagerLegacy] Loaded action.yml file: {
  "name": "Checkout",
  "description": "Checkout a Git repository at a particular version",
  "inputs": {
    "type": 2,
    "map": [
      {
        "key": {
          "type": 0,
          "file": 2,
          "line": 4,
          "col": 3,
          "lit": "repository"
        },
        "value": {
          "type": 3,
          "file": 2,
          "line": 6,
          "col": 14,
          "expr": "github.repository"
        }
      },
      {
        "key": {
          "type": 0,
          "file": 2,
          "line": 7,
          "col": 3,
          "lit": "ref"
        },
        "value": ""
      },
      {
        "key": {
          "type": 0,
          "file": 2,
          "line": 12,
          "col": 3,
          "lit": "token"
        },
        "value": {
          "type": 3,
          "file": 2,
          "line": 24,
          "col": 14,
          "expr": "github.token"
        }
      },
      {
        "key": {
          "type": 0,
          "file": 2,
          "line": 25,
          "col": 3,
          "lit": "ssh-key"
        },
        "value": ""
      },
      {
        "key": {
          "type": 0,
          "file": 2,
          "line": 37,
          "col": 3,
          "lit": "ssh-known-hosts"
        },
        "value": ""
      },
      {
        "key": {
          "type": 0,
          "file": 2,
          "line": 42,
          "col": 3,
          "lit": "ssh-strict"
        },
        "value": {
          "type": 0,
          "file": 2,
          "line": 47,
          "col": 14,
          "lit": "true"
        }
      },
      {
        "key": {
          "type": 0,
          "file": 2,
          "line": 48,
          "col": 3,
          "lit": "ssh-user"
        },
        "value": {
          "type": 0,
          "file": 2,
          "line": 51,
          "col": 14,
          "lit": "git"
        }
      },
      {
        "key": {
          "type": 0,
          "file": 2,
          "line": 52,
          "col": 3,
          "lit": "persist-credentials"
        },
        "value": {
          "type": 0,
          "file": 2,
          "line": 54,
          "col": 14,
          "lit": "true"
        }
      },
      {
        "key": {
          "type": 0,
          "file": 2,
          "line": 55,
          "col": 3,
          "lit": "path"
        },
        "value": ""
      },
      {
        "key": {
          "type": 0,
          "file": 2,
          "line": 57,
          "col": 3,
          "lit": "clean"
        },
        "value": {
          "type": 0,
          "file": 2,
          "line": 59,
          "col": 14,
          "lit": "true"
        }
      },
      {
        "key": {
          "type": 0,
          "file": 2,
          "line": 60,
          "col": 3,
          "lit": "filter"
        },
        "value": {
          "type": 0,
          "file": 2,
          "line": 64,
          "col": 14,
          "lit": ""
        }
      },
      {
        "key": {
          "type": 0,
          "file": 2,
          "line": 65,
          "col": 3,
          "lit": "sparse-checkout"
        },
        "value": {
          "type": 0,
          "file": 2,
          "line": 69,
          "col": 14,
          "lit": ""
        }
      },
      {
        "key": {
          "type": 0,
          "file": 2,
          "line": 70,
          "col": 3,
          "lit": "sparse-checkout-cone-mode"
        },
        "value": {
          "type": 0,
          "file": 2,
          "line": 73,
          "col": 14,
          "lit": "true"
        }
      },
      {
        "key": {
          "type": 0,
          "file": 2,
          "line": 74,
          "col": 3,
          "lit": "fetch-depth"
        },
        "value": {
          "type": 0,
          "file": 2,
          "line": 76,
          "col": 14,
          "lit": "1"
        }
      },
      {
        "key": {
          "type": 0,
          "file": 2,
          "line": 77,
          "col": 3,
          "lit": "fetch-tags"
        },
        "value": {
          "type": 0,
          "file": 2,
          "line": 79,
          "col": 14,
          "lit": "false"
        }
      },
      {
        "key": {
          "type": 0,
          "file": 2,
          "line": 80,
          "col": 3,
          "lit": "show-progress"
        },
        "value": {
          "type": 0,
          "file": 2,
          "line": 82,
          "col": 14,
          "lit": "true"
        }
      },
      {
        "key": {
          "type": 0,
          "file": 2,
          "line": 83,
          "col": 3,
          "lit": "lfs"
        },
        "value": {
          "type": 0,
          "file": 2,
          "line": 85,
          "col": 14,
          "lit": "false"
        }
      },
      {
        "key": {
          "type": 0,
          "file": 2,
          "line": 86,
          "col": 3,
          "lit": "submodules"
        },
        "value": {
          "type": 0,
          "file": 2,
          "line": 94,
          "col": 14,
          "lit": "false"
        }
      },
      {
        "key": {
          "type": 0,
          "file": 2,
          "line": 95,
          "col": 3,
          "lit": "set-safe-directory"
        },
        "value": {
          "type": 0,
          "file": 2,
          "line": 97,
          "col": 14,
          "lit": "true"
        }
      },
      {
        "key": {
          "type": 0,
          "file": 2,
          "line": 98,
          "col": 3,
          "lit": "github-server-url"
        },
        "value": ""
      }
    ]
  },
  "execution": {
    "executionType": "nodeJS",
    "hasPre": false,
    "hasPost": true,
    "script": "dist/index.js",
    "pre": null,
    "post": "dist/index.js",
    "nodeVersion": "node20",
    "cleanupCondition": "always()",
    "initCondition": "always()"
  },
  "deprecated": null
}
[2026-06-04 04:10:37Z INFO ActionManager] Action node.js file: dist/index.js, no more preparation.
[2026-06-04 04:10:37Z INFO HostContext] Well known directory 'Bin': 'D:\funity\Test1\actions-runner\bin'
[2026-06-04 04:10:37Z INFO HostContext] Well known directory 'Root': 'D:\funity\Test1\actions-runner'
[2026-06-04 04:10:37Z INFO HostContext] Well known directory 'Work': 'D:\funity\Test1\actions-runner\_work'
[2026-06-04 04:10:37Z INFO HostContext] Well known directory 'Actions': 'D:\funity\Test1\actions-runner\_work\_actions'
[2026-06-04 04:10:37Z INFO ActionManager] Load action that reference repository from 'D:\funity\Test1\actions-runner\_work\_actions\actions\checkout\v4'
[2026-06-04 04:10:37Z INFO HostContext] Well known directory 'Bin': 'D:\funity\Test1\actions-runner\bin'
[2026-06-04 04:10:37Z INFO HostContext] Well known directory 'Root': 'D:\funity\Test1\actions-runner'
[2026-06-04 04:10:37Z INFO HostContext] Well known directory 'Work': 'D:\funity\Test1\actions-runner\_work'
[2026-06-04 04:10:37Z INFO HostContext] Well known directory 'Actions': 'D:\funity\Test1\actions-runner\_work\_actions'
[2026-06-04 04:10:37Z INFO ActionManifestManagerLegacy] Loaded action.yml file: {
  "name": "Checkout",
  "description": "Checkout a Git repository at a particular version",
  "inputs": {
    "type": 2,
    "map": [
      {
        "key": {
          "type": 0,
          "file": 2,
          "line": 4,
          "col": 3,
          "lit": "repository"
        },
        "value": {
          "type": 3,
          "file": 2,
          "line": 6,
          "col": 14,
          "expr": "github.repository"
        }
      },
      {
        "key": {
          "type": 0,
          "file": 2,
          "line": 7,
          "col": 3,
          "lit": "ref"
        },
        "value": ""
      },
      {
        "key": {
          "type": 0,
          "file": 2,
          "line": 12,
          "col": 3,
          "lit": "token"
        },
        "value": {
          "type": 3,
          "file": 2,
          "line": 24,
          "col": 14,
          "expr": "github.token"
        }
      },
      {
        "key": {
          "type": 0,
          "file": 2,
          "line": 25,
          "col": 3,
          "lit": "ssh-key"
        },
        "value": ""
      },
      {
        "key": {
          "type": 0,
          "file": 2,
          "line": 37,
          "col": 3,
          "lit": "ssh-known-hosts"
        },
        "value": ""
      },
      {
        "key": {
          "type": 0,
          "file": 2,
          "line": 42,
          "col": 3,
          "lit": "ssh-strict"
        },
        "value": {
          "type": 0,
          "file": 2,
          "line": 47,
          "col": 14,
          "lit": "true"
        }
      },
      {
        "key": {
          "type": 0,
          "file": 2,
          "line": 48,
          "col": 3,
          "lit": "ssh-user"
        },
        "value": {
          "type": 0,
          "file": 2,
          "line": 51,
          "col": 14,
          "lit": "git"
        }
      },
      {
        "key": {
          "type": 0,
          "file": 2,
          "line": 52,
          "col": 3,
          "lit": "persist-credentials"
        },
        "value": {
          "type": 0,
          "file": 2,
          "line": 54,
          "col": 14,
          "lit": "true"
        }
      },
      {
        "key": {
          "type": 0,
          "file": 2,
          "line": 55,
          "col": 3,
          "lit": "path"
        },
        "value": ""
      },
      {
        "key": {
          "type": 0,
          "file": 2,
          "line": 57,
          "col": 3,
          "lit": "clean"
        },
        "value": {
          "type": 0,
          "file": 2,
          "line": 59,
          "col": 14,
          "lit": "true"
        }
      },
      {
        "key": {
          "type": 0,
          "file": 2,
          "line": 60,
          "col": 3,
          "lit": "filter"
        },
        "value": {
          "type": 0,
          "file": 2,
          "line": 64,
          "col": 14,
          "lit": ""
        }
      },
      {
        "key": {
          "type": 0,
          "file": 2,
          "line": 65,
          "col": 3,
          "lit": "sparse-checkout"
        },
        "value": {
          "type": 0,
          "file": 2,
          "line": 69,
          "col": 14,
          "lit": ""
        }
      },
      {
        "key": {
          "type": 0,
          "file": 2,
          "line": 70,
          "col": 3,
          "lit": "sparse-checkout-cone-mode"
        },
        "value": {
          "type": 0,
          "file": 2,
          "line": 73,
          "col": 14,
          "lit": "true"
        }
      },
      {
        "key": {
          "type": 0,
          "file": 2,
          "line": 74,
          "col": 3,
          "lit": "fetch-depth"
        },
        "value": {
          "type": 0,
          "file": 2,
          "line": 76,
          "col": 14,
          "lit": "1"
        }
      },
      {
        "key": {
          "type": 0,
          "file": 2,
          "line": 77,
          "col": 3,
          "lit": "fetch-tags"
        },
        "value": {
          "type": 0,
          "file": 2,
          "line": 79,
          "col": 14,
          "lit": "false"
        }
      },
      {
        "key": {
          "type": 0,
          "file": 2,
          "line": 80,
          "col": 3,
          "lit": "show-progress"
        },
        "value": {
          "type": 0,
          "file": 2,
          "line": 82,
          "col": 14,
          "lit": "true"
        }
      },
      {
        "key": {
          "type": 0,
          "file": 2,
          "line": 83,
          "col": 3,
          "lit": "lfs"
        },
        "value": {
          "type": 0,
          "file": 2,
          "line": 85,
          "col": 14,
          "lit": "false"
        }
      },
      {
        "key": {
          "type": 0,
          "file": 2,
          "line": 86,
          "col": 3,
          "lit": "submodules"
        },
        "value": {
          "type": 0,
          "file": 2,
          "line": 94,
          "col": 14,
          "lit": "false"
        }
      },
      {
        "key": {
          "type": 0,
          "file": 2,
          "line": 95,
          "col": 3,
          "lit": "set-safe-directory"
        },
        "value": {
          "type": 0,
          "file": 2,
          "line": 97,
          "col": 14,
          "lit": "true"
        }
      },
      {
        "key": {
          "type": 0,
          "file": 2,
          "line": 98,
          "col": 3,
          "lit": "github-server-url"
        },
        "value": ""
      }
    ]
  },
  "execution": {
    "executionType": "nodeJS",
    "hasPre": false,
    "hasPost": true,
    "script": "dist/index.js",
    "pre": null,
    "post": "dist/index.js",
    "nodeVersion": "node20",
    "cleanupCondition": "always()",
    "initCondition": "always()"
  },
  "deprecated": null
}
[2026-06-04 04:10:37Z INFO ActionManager] Action pre node.js file: N/A.
[2026-06-04 04:10:37Z INFO ActionManager] Action node.js file: dist/index.js.
[2026-06-04 04:10:37Z INFO ActionManager] Action post node.js file: dist/index.js.
[2026-06-04 04:10:37Z INFO JobExtension] Adding .
[2026-06-04 04:10:37Z INFO JobExtension] Adding .
[2026-06-04 04:10:37Z INFO HostContext] Well known directory 'Bin': 'D:\funity\Test1\actions-runner\bin'
[2026-06-04 04:10:37Z INFO HostContext] Well known directory 'Root': 'D:\funity\Test1\actions-runner'
[2026-06-04 04:10:37Z INFO HostContext] Well known directory 'Diag': 'D:\funity\Test1\actions-runner\_diag'
[2026-06-04 04:10:37Z INFO HostContext] Well known directory 'Bin': 'D:\funity\Test1\actions-runner\bin'
[2026-06-04 04:10:37Z INFO HostContext] Well known directory 'Root': 'D:\funity\Test1\actions-runner'
[2026-06-04 04:10:37Z INFO HostContext] Well known directory 'Diag': 'D:\funity\Test1\actions-runner\_diag'
[2026-06-04 04:10:37Z INFO HostContext] Well known directory 'Bin': 'D:\funity\Test1\actions-runner\bin'
[2026-06-04 04:10:37Z INFO HostContext] Well known directory 'Root': 'D:\funity\Test1\actions-runner'
[2026-06-04 04:10:37Z INFO HostContext] Well known directory 'Diag': 'D:\funity\Test1\actions-runner\_diag'
[2026-06-04 04:10:37Z INFO HostContext] Well known directory 'Bin': 'D:\funity\Test1\actions-runner\bin'
[2026-06-04 04:10:37Z INFO HostContext] Well known directory 'Root': 'D:\funity\Test1\actions-runner'
[2026-06-04 04:10:37Z INFO HostContext] Well known directory 'Diag': 'D:\funity\Test1\actions-runner\_diag'
[2026-06-04 04:10:37Z INFO JobExtension] Total accessible running process: 306.
[2026-06-04 04:10:37Z INFO HostContext] Well known directory 'Bin': 'D:\funity\Test1\actions-runner\bin'
[2026-06-04 04:10:37Z INFO HostContext] Well known directory 'Root': 'D:\funity\Test1\actions-runner'
[2026-06-04 04:10:37Z INFO HostContext] Well known directory 'Work': 'D:\funity\Test1\actions-runner\_work'
[2026-06-04 04:10:37Z INFO JobExtension] Start checking server connectivity.
[2026-06-04 04:10:37Z INFO JobExtension] Check server connectivity for https://broker.actions.githubusercontent.com/health.
[2026-06-04 04:10:37Z INFO JobExtension] Check server connectivity for https://token.actions.githubusercontent.com/ready.
[2026-06-04 04:10:37Z INFO JobExtension] Check server connectivity for https://run.actions.githubusercontent.com/health.
[2026-06-04 04:10:37Z INFO JobExtension] Start checking service connectivity in background.
[2026-06-04 04:10:37Z INFO ExecutionContext] Publish step telemetry for current step {
  "action": "setup_job",
  "type": "runner",
  "stage": "Pre",
  "stepId": "295c6a83-928c-4358-abd9-476de2c7d957",
  "result": "succeeded",
  "errorMessages": [],
  "executionTimeInSeconds": 4,
  "startTime": "2026-06-04T04:10:34.022814Z",
  "finishTime": "2026-06-04T04:10:37.0268237Z"
}.
[2026-06-04 04:10:37Z INFO JobRunner] Total job steps: 2.
[2026-06-04 04:10:37Z INFO JobRunner] Run all job steps.
[2026-06-04 04:10:37Z INFO DapDebugger] DapDebugger initialized
[2026-06-04 04:10:37Z INFO StepsRunner] Processing step: DisplayName='Checkout repository code'
[2026-06-04 04:10:37Z INFO StepsRunner] Evaluating: success()
[2026-06-04 04:10:37Z INFO StepsRunner] Result: true
[2026-06-04 04:10:37Z INFO StepsRunner] Starting the step.
[2026-06-04 04:10:37Z INFO HostContext] Well known directory 'Bin': 'D:\funity\Test1\actions-runner\bin'
[2026-06-04 04:10:37Z INFO HostContext] Well known directory 'Root': 'D:\funity\Test1\actions-runner'
[2026-06-04 04:10:37Z INFO HostContext] Well known directory 'Work': 'D:\funity\Test1\actions-runner\_work'
[2026-06-04 04:10:37Z INFO StepsRunner] Which2: 'chcp'
[2026-06-04 04:10:37Z INFO StepsRunner] Location: 'C:\Windows\system32\chcp.COM'
[2026-06-04 04:10:37Z INFO ProcessInvokerWrapper] Starting process:
[2026-06-04 04:10:37Z INFO ProcessInvokerWrapper]   File name: 'C:\Windows\system32\chcp.COM'
[2026-06-04 04:10:37Z INFO ProcessInvokerWrapper]   Arguments: '65001'
[2026-06-04 04:10:37Z INFO ProcessInvokerWrapper]   Working directory: 'D:\funity\Test1\actions-runner\_work'
[2026-06-04 04:10:37Z INFO ProcessInvokerWrapper]   Require exit code zero: 'False'
[2026-06-04 04:10:37Z INFO ProcessInvokerWrapper]   Encoding web name:  ; code page: ''
[2026-06-04 04:10:37Z INFO ProcessInvokerWrapper]   Force kill process on cancellation: 'False'
[2026-06-04 04:10:37Z INFO ProcessInvokerWrapper]   Redirected STDIN: 'False'
[2026-06-04 04:10:37Z INFO ProcessInvokerWrapper]   Persist current code page: 'True'
[2026-06-04 04:10:37Z INFO ProcessInvokerWrapper]   Keep redirected STDIN open: 'False'
[2026-06-04 04:10:37Z INFO ProcessInvokerWrapper]   High priority process: 'False'
[2026-06-04 04:10:37Z INFO ProcessInvokerWrapper] Process started with process id 17164, waiting for process exit.
[2026-06-04 04:10:37Z INFO ProcessInvokerWrapper] STDOUT/STDERR stream read finished.
[2026-06-04 04:10:37Z INFO ProcessInvokerWrapper] STDOUT/STDERR stream read finished.
[2026-06-04 04:10:37Z INFO ProcessInvokerWrapper] Finished process 17164 with exit code 0, and elapsed time 00:00:00.0510257.
[2026-06-04 04:10:37Z INFO StepsRunner] Successfully returned to code page 65001 (UTF8)
[2026-06-04 04:10:37Z INFO HostContext] Well known directory 'Bin': 'D:\funity\Test1\actions-runner\bin'
[2026-06-04 04:10:37Z INFO HostContext] Well known directory 'Root': 'D:\funity\Test1\actions-runner'
[2026-06-04 04:10:37Z INFO HostContext] Well known directory 'Work': 'D:\funity\Test1\actions-runner\_work'
[2026-06-04 04:10:37Z INFO HostContext] Well known directory 'Actions': 'D:\funity\Test1\actions-runner\_work\_actions'
[2026-06-04 04:10:37Z INFO ActionManager] Load action that reference repository from 'D:\funity\Test1\actions-runner\_work\_actions\actions\checkout\v4'
[2026-06-04 04:10:37Z INFO HostContext] Well known directory 'Bin': 'D:\funity\Test1\actions-runner\bin'
[2026-06-04 04:10:37Z INFO HostContext] Well known directory 'Root': 'D:\funity\Test1\actions-runner'
[2026-06-04 04:10:37Z INFO HostContext] Well known directory 'Work': 'D:\funity\Test1\actions-runner\_work'
[2026-06-04 04:10:37Z INFO HostContext] Well known directory 'Actions': 'D:\funity\Test1\actions-runner\_work\_actions'
[2026-06-04 04:10:37Z INFO ActionManifestManagerLegacy] Loaded action.yml file: {
  "name": "Checkout",
  "description": "Checkout a Git repository at a particular version",
  "inputs": {
    "type": 2,
    "map": [
      {
        "key": {
          "type": 0,
          "file": 2,
          "line": 4,
          "col": 3,
          "lit": "repository"
        },
        "value": {
          "type": 3,
          "file": 2,
          "line": 6,
          "col": 14,
          "expr": "github.repository"
        }
      },
      {
        "key": {
          "type": 0,
          "file": 2,
          "line": 7,
          "col": 3,
          "lit": "ref"
        },
        "value": ""
      },
      {
        "key": {
          "type": 0,
          "file": 2,
          "line": 12,
          "col": 3,
          "lit": "token"
        },
        "value": {
          "type": 3,
          "file": 2,
          "line": 24,
          "col": 14,
          "expr": "github.token"
        }
      },
      {
        "key": {
          "type": 0,
          "file": 2,
          "line": 25,
          "col": 3,
          "lit": "ssh-key"
        },
        "value": ""
      },
      {
        "key": {
          "type": 0,
          "file": 2,
          "line": 37,
          "col": 3,
          "lit": "ssh-known-hosts"
        },
        "value": ""
      },
      {
        "key": {
          "type": 0,
          "file": 2,
          "line": 42,
          "col": 3,
          "lit": "ssh-strict"
        },
        "value": {
          "type": 0,
          "file": 2,
          "line": 47,
          "col": 14,
          "lit": "true"
        }
      },
      {
        "key": {
          "type": 0,
          "file": 2,
          "line": 48,
          "col": 3,
          "lit": "ssh-user"
        },
        "value": {
          "type": 0,
          "file": 2,
          "line": 51,
          "col": 14,
          "lit": "git"
        }
      },
      {
        "key": {
          "type": 0,
          "file": 2,
          "line": 52,
          "col": 3,
          "lit": "persist-credentials"
        },
        "value": {
          "type": 0,
          "file": 2,
          "line": 54,
          "col": 14,
          "lit": "true"
        }
      },
      {
        "key": {
          "type": 0,
          "file": 2,
          "line": 55,
          "col": 3,
          "lit": "path"
        },
        "value": ""
      },
      {
        "key": {
          "type": 0,
          "file": 2,
          "line": 57,
          "col": 3,
          "lit": "clean"
        },
        "value": {
          "type": 0,
          "file": 2,
          "line": 59,
          "col": 14,
          "lit": "true"
        }
      },
      {
        "key": {
          "type": 0,
          "file": 2,
          "line": 60,
          "col": 3,
          "lit": "filter"
        },
        "value": {
          "type": 0,
          "file": 2,
          "line": 64,
          "col": 14,
          "lit": ""
        }
      },
      {
        "key": {
          "type": 0,
          "file": 2,
          "line": 65,
          "col": 3,
          "lit": "sparse-checkout"
        },
        "value": {
          "type": 0,
          "file": 2,
          "line": 69,
          "col": 14,
          "lit": ""
        }
      },
      {
        "key": {
          "type": 0,
          "file": 2,
          "line": 70,
          "col": 3,
          "lit": "sparse-checkout-cone-mode"
        },
        "value": {
          "type": 0,
          "file": 2,
          "line": 73,
          "col": 14,
          "lit": "true"
        }
      },
      {
        "key": {
          "type": 0,
          "file": 2,
          "line": 74,
          "col": 3,
          "lit": "fetch-depth"
        },
        "value": {
          "type": 0,
          "file": 2,
          "line": 76,
          "col": 14,
          "lit": "1"
        }
      },
      {
        "key": {
          "type": 0,
          "file": 2,
          "line": 77,
          "col": 3,
          "lit": "fetch-tags"
        },
        "value": {
          "type": 0,
          "file": 2,
          "line": 79,
          "col": 14,
          "lit": "false"
        }
      },
      {
        "key": {
          "type": 0,
          "file": 2,
          "line": 80,
          "col": 3,
          "lit": "show-progress"
        },
        "value": {
          "type": 0,
          "file": 2,
          "line": 82,
          "col": 14,
          "lit": "true"
        }
      },
      {
        "key": {
          "type": 0,
          "file": 2,
          "line": 83,
          "col": 3,
          "lit": "lfs"
        },
        "value": {
          "type": 0,
          "file": 2,
          "line": 85,
          "col": 14,
          "lit": "false"
        }
      },
      {
        "key": {
          "type": 0,
          "file": 2,
          "line": 86,
          "col": 3,
          "lit": "submodules"
        },
        "value": {
          "type": 0,
          "file": 2,
          "line": 94,
          "col": 14,
          "lit": "false"
        }
      },
      {
        "key": {
          "type": 0,
          "file": 2,
          "line": 95,
          "col": 3,
          "lit": "set-safe-directory"
        },
        "value": {
          "type": 0,
          "file": 2,
          "line": 97,
          "col": 14,
          "lit": "true"
        }
      },
      {
        "key": {
          "type": 0,
          "file": 2,
          "line": 98,
          "col": 3,
          "lit": "github-server-url"
        },
        "value": ""
      }
    ]
  },
  "execution": {
    "executionType": "nodeJS",
    "hasPre": false,
    "hasPost": true,
    "script": "dist/index.js",
    "pre": null,
    "post": "dist/index.js",
    "nodeVersion": "node20",
    "cleanupCondition": "always()",
    "initCondition": "always()"
  },
  "deprecated": null
}
[2026-06-04 04:10:37Z INFO ActionManager] Action pre node.js file: N/A.
[2026-06-04 04:10:37Z INFO ActionManager] Action node.js file: dist/index.js.
[2026-06-04 04:10:37Z INFO ActionManager] Action post node.js file: dist/index.js.
[2026-06-04 04:10:37Z INFO ExecutionContext] Reserve record order 4 to 6 for post job actions.
[2026-06-04 04:10:37Z INFO HostContext] Well known directory 'Bin': 'D:\funity\Test1\actions-runner\bin'
[2026-06-04 04:10:37Z INFO HostContext] Well known directory 'Root': 'D:\funity\Test1\actions-runner'
[2026-06-04 04:10:37Z INFO HostContext] Well known directory 'Diag': 'D:\funity\Test1\actions-runner\_diag'
[2026-06-04 04:10:37Z INFO HostContext] Well known directory 'Bin': 'D:\funity\Test1\actions-runner\bin'
[2026-06-04 04:10:37Z INFO HostContext] Well known directory 'Root': 'D:\funity\Test1\actions-runner'
[2026-06-04 04:10:37Z INFO HostContext] Well known directory 'Diag': 'D:\funity\Test1\actions-runner\_diag'
[2026-06-04 04:10:37Z INFO HostContext] Well known directory 'Bin': 'D:\funity\Test1\actions-runner\bin'
[2026-06-04 04:10:37Z INFO HostContext] Well known directory 'Root': 'D:\funity\Test1\actions-runner'
[2026-06-04 04:10:37Z INFO HostContext] Well known directory 'Work': 'D:\funity\Test1\actions-runner\_work'
[2026-06-04 04:10:37Z INFO HostContext] Well known directory 'Temp': 'D:\funity\Test1\actions-runner\_work\_temp'
[2026-06-04 04:10:37Z INFO ExecutionContext] Write event payload to D:\funity\Test1\actions-runner\_work\_temp\_github_workflow\event.json
[2026-06-04 04:10:37Z INFO HostContext] Well known directory 'Bin': 'D:\funity\Test1\actions-runner\bin'
[2026-06-04 04:10:37Z INFO HostContext] Well known directory 'Root': 'D:\funity\Test1\actions-runner'
[2026-06-04 04:10:37Z INFO HostContext] Well known directory 'Work': 'D:\funity\Test1\actions-runner\_work'
[2026-06-04 04:10:37Z INFO HostContext] Well known directory 'Temp': 'D:\funity\Test1\actions-runner\_work\_temp'
[2026-06-04 04:10:37Z INFO ExtensionManager] Getting extensions for interface: 'GitHub.Runner.Worker.IFileCommandExtension'
[2026-06-04 04:10:37Z INFO ExtensionManager] Creating instance: GitHub.Runner.Worker.AddPathFileCommand, Runner.Worker
[2026-06-04 04:10:37Z INFO ExtensionManager] Creating instance: GitHub.Runner.Worker.SetEnvFileCommand, Runner.Worker
[2026-06-04 04:10:37Z INFO ExtensionManager] Creating instance: GitHub.Runner.Worker.CreateStepSummaryCommand, Runner.Worker
[2026-06-04 04:10:37Z INFO ExtensionManager] Creating instance: GitHub.Runner.Worker.SaveStateFileCommand, Runner.Worker
[2026-06-04 04:10:37Z INFO ExtensionManager] Creating instance: GitHub.Runner.Worker.SetOutputFileCommand, Runner.Worker
[2026-06-04 04:10:37Z INFO ActionManifestManagerLegacy] Input 'repository': default value evaluate result: {
  "type": 0,
  "file": 2,
  "line": 6,
  "col": 14,
  "lit": "MunChaeWon/unity-qa-automation-pipeline"
}
[2026-06-04 04:10:37Z INFO ActionManifestManagerLegacy] Input 'ref': default value evaluate result: ""
[2026-06-04 04:10:37Z INFO ActionManifestManagerLegacy] Input 'token': default value evaluate result: {
  "type": 0,
  "file": 2,
  "line": 24,
  "col": 14,
  "lit": "***"
}
[2026-06-04 04:10:37Z INFO ActionManifestManagerLegacy] Input 'ssh-key': default value evaluate result: ""
[2026-06-04 04:10:37Z INFO ActionManifestManagerLegacy] Input 'ssh-known-hosts': default value evaluate result: ""
[2026-06-04 04:10:37Z INFO ActionManifestManagerLegacy] Input 'ssh-strict': default value evaluate result: {
  "type": 0,
  "file": 2,
  "line": 47,
  "col": 14,
  "lit": "true"
}
[2026-06-04 04:10:37Z INFO ActionManifestManagerLegacy] Input 'ssh-user': default value evaluate result: {
  "type": 0,
  "file": 2,
  "line": 51,
  "col": 14,
  "lit": "git"
}
[2026-06-04 04:10:37Z INFO ActionManifestManagerLegacy] Input 'persist-credentials': default value evaluate result: {
  "type": 0,
  "file": 2,
  "line": 54,
  "col": 14,
  "lit": "true"
}
[2026-06-04 04:10:37Z INFO ActionManifestManagerLegacy] Input 'path': default value evaluate result: ""
[2026-06-04 04:10:37Z INFO ActionManifestManagerLegacy] Input 'filter': default value evaluate result: {
  "type": 0,
  "file": 2,
  "line": 64,
  "col": 14,
  "lit": ""
}
[2026-06-04 04:10:37Z INFO ActionManifestManagerLegacy] Input 'sparse-checkout': default value evaluate result: {
  "type": 0,
  "file": 2,
  "line": 69,
  "col": 14,
  "lit": ""
}
[2026-06-04 04:10:37Z INFO ActionManifestManagerLegacy] Input 'sparse-checkout-cone-mode': default value evaluate result: {
  "type": 0,
  "file": 2,
  "line": 73,
  "col": 14,
  "lit": "true"
}
[2026-06-04 04:10:37Z INFO ActionManifestManagerLegacy] Input 'fetch-depth': default value evaluate result: {
  "type": 0,
  "file": 2,
  "line": 76,
  "col": 14,
  "lit": "1"
}
[2026-06-04 04:10:37Z INFO ActionManifestManagerLegacy] Input 'fetch-tags': default value evaluate result: {
  "type": 0,
  "file": 2,
  "line": 79,
  "col": 14,
  "lit": "false"
}
[2026-06-04 04:10:37Z INFO ActionManifestManagerLegacy] Input 'show-progress': default value evaluate result: {
  "type": 0,
  "file": 2,
  "line": 82,
  "col": 14,
  "lit": "true"
}
[2026-06-04 04:10:37Z INFO ActionManifestManagerLegacy] Input 'lfs': default value evaluate result: {
  "type": 0,
  "file": 2,
  "line": 85,
  "col": 14,
  "lit": "false"
}
[2026-06-04 04:10:37Z INFO ActionManifestManagerLegacy] Input 'submodules': default value evaluate result: {
  "type": 0,
  "file": 2,
  "line": 94,
  "col": 14,
  "lit": "false"
}
[2026-06-04 04:10:37Z INFO ActionManifestManagerLegacy] Input 'set-safe-directory': default value evaluate result: {
  "type": 0,
  "file": 2,
  "line": 97,
  "col": 14,
  "lit": "true"
}
[2026-06-04 04:10:37Z INFO ActionManifestManagerLegacy] Input 'github-server-url': default value evaluate result: ""
[2026-06-04 04:10:37Z INFO ExtensionManager] Getting extensions for interface: 'GitHub.Runner.Worker.IActionCommandExtension'
[2026-06-04 04:10:37Z INFO ExtensionManager] Creating instance: GitHub.Runner.Worker.InternalPluginSetRepoPathCommandExtension, Runner.Worker
[2026-06-04 04:10:37Z INFO ExtensionManager] Creating instance: GitHub.Runner.Worker.SetEnvCommandExtension, Runner.Worker
[2026-06-04 04:10:37Z INFO ExtensionManager] Creating instance: GitHub.Runner.Worker.SetOutputCommandExtension, Runner.Worker
[2026-06-04 04:10:37Z INFO ExtensionManager] Creating instance: GitHub.Runner.Worker.SaveStateCommandExtension, Runner.Worker
[2026-06-04 04:10:37Z INFO ExtensionManager] Creating instance: GitHub.Runner.Worker.AddPathCommandExtension, Runner.Worker
[2026-06-04 04:10:37Z INFO ExtensionManager] Creating instance: GitHub.Runner.Worker.AddMaskCommandExtension, Runner.Worker
[2026-06-04 04:10:37Z INFO ExtensionManager] Creating instance: GitHub.Runner.Worker.AddMatcherCommandExtension, Runner.Worker
[2026-06-04 04:10:37Z INFO ExtensionManager] Creating instance: GitHub.Runner.Worker.RemoveMatcherCommandExtension, Runner.Worker
[2026-06-04 04:10:37Z INFO ExtensionManager] Creating instance: GitHub.Runner.Worker.WarningCommandExtension, Runner.Worker
[2026-06-04 04:10:37Z INFO ExtensionManager] Creating instance: GitHub.Runner.Worker.ErrorCommandExtension, Runner.Worker
[2026-06-04 04:10:37Z INFO ExtensionManager] Creating instance: GitHub.Runner.Worker.NoticeCommandExtension, Runner.Worker
[2026-06-04 04:10:37Z INFO ExtensionManager] Creating instance: GitHub.Runner.Worker.DebugCommandExtension, Runner.Worker
[2026-06-04 04:10:37Z INFO ExtensionManager] Creating instance: GitHub.Runner.Worker.GroupCommandExtension, Runner.Worker
[2026-06-04 04:10:37Z INFO ExtensionManager] Creating instance: GitHub.Runner.Worker.EndGroupCommandExtension, Runner.Worker
[2026-06-04 04:10:37Z INFO ExtensionManager] Creating instance: GitHub.Runner.Worker.EchoCommandExtension, Runner.Worker
[2026-06-04 04:10:37Z INFO ActionCommandManager] Register action command extension for command internal-set-repo-path
[2026-06-04 04:10:37Z INFO ActionCommandManager] Register action command extension for command set-env
[2026-06-04 04:10:37Z INFO ActionCommandManager] Register action command extension for command set-output
[2026-06-04 04:10:37Z INFO ActionCommandManager] Register action command extension for command save-state
[2026-06-04 04:10:37Z INFO ActionCommandManager] Register action command extension for command add-path
[2026-06-04 04:10:37Z INFO ActionCommandManager] Register action command extension for command add-mask
[2026-06-04 04:10:37Z INFO ActionCommandManager] Register action command extension for command add-matcher
[2026-06-04 04:10:37Z INFO ActionCommandManager] Register action command extension for command remove-matcher
[2026-06-04 04:10:37Z INFO ActionCommandManager] Register action command extension for command warning
[2026-06-04 04:10:37Z INFO ActionCommandManager] Register action command extension for command error
[2026-06-04 04:10:37Z INFO ActionCommandManager] Register action command extension for command notice
[2026-06-04 04:10:37Z INFO ActionCommandManager] Register action command extension for command debug
[2026-06-04 04:10:37Z INFO ActionCommandManager] Register action command extension for command group
[2026-06-04 04:10:37Z INFO ActionCommandManager] Register action command extension for command endgroup
[2026-06-04 04:10:37Z INFO ActionCommandManager] Register action command extension for command echo
[2026-06-04 04:10:37Z INFO HostContext] Well known directory 'Bin': 'D:\funity\Test1\actions-runner\bin'
[2026-06-04 04:10:37Z INFO HostContext] Well known directory 'Root': 'D:\funity\Test1\actions-runner'
[2026-06-04 04:10:37Z INFO HostContext] Well known directory 'Externals': 'D:\funity\Test1\actions-runner\externals'
[2026-06-04 04:10:37Z INFO JobServerQueue] Try to append 1 batches web console lines for record '295c6a83-928c-4358-abd9-476de2c7d957', success rate: 1/1.
[2026-06-04 04:10:37Z INFO JobServerQueue] Try to append 1 batches web console lines for record 'f3cb7881-ba46-456c-b326-b1f3728c52ea', success rate: 1/1.
[2026-06-04 04:10:37Z INFO ProcessInvokerWrapper] Starting process:
[2026-06-04 04:10:37Z INFO ProcessInvokerWrapper]   File name: 'D:\funity\Test1\actions-runner\externals\node24\bin\node.exe'
[2026-06-04 04:10:37Z INFO ProcessInvokerWrapper]   Arguments: '"D:\funity\Test1\actions-runner\_work\_actions\actions\checkout\v4\dist/index.js"'
[2026-06-04 04:10:37Z INFO ProcessInvokerWrapper]   Working directory: 'D:\funity\Test1\actions-runner\_work\unity-qa-automation-pipeline\unity-qa-automation-pipeline'
[2026-06-04 04:10:37Z INFO ProcessInvokerWrapper]   Require exit code zero: 'False'
[2026-06-04 04:10:37Z INFO ProcessInvokerWrapper]   Encoding web name: utf-8 ; code page: '65001'
[2026-06-04 04:10:37Z INFO ProcessInvokerWrapper]   Force kill process on cancellation: 'False'
[2026-06-04 04:10:37Z INFO ProcessInvokerWrapper]   Redirected STDIN: 'False'
[2026-06-04 04:10:37Z INFO ProcessInvokerWrapper]   Persist current code page: 'True'
[2026-06-04 04:10:37Z INFO ProcessInvokerWrapper]   Keep redirected STDIN open: 'False'
[2026-06-04 04:10:37Z INFO ProcessInvokerWrapper]   High priority process: 'False'
[2026-06-04 04:10:37Z INFO ProcessInvokerWrapper] Process started with process id 38620, waiting for process exit.
[2026-06-04 04:10:37Z INFO AddMaskCommandExtension] Add new secret mask with length of 588
[2026-06-04 04:10:37Z INFO JobServerQueue] Try to append 1 batches web console lines for record 'f3cb7881-ba46-456c-b326-b1f3728c52ea', success rate: 1/1.
[2026-06-04 04:10:37Z INFO JobServerQueue] Try to append 1 batches web console lines for record 'f3cb7881-ba46-456c-b326-b1f3728c52ea', success rate: 1/1.
[2026-06-04 04:10:37Z INFO JobServerQueue] Try to append 1 batches web console lines for record 'f3cb7881-ba46-456c-b326-b1f3728c52ea', success rate: 1/1.
[2026-06-04 04:10:38Z INFO JobServerQueue] Got a step log file to send to results service.
[2026-06-04 04:10:38Z INFO JobServerQueue] Starting upload of step log file to results service ResultsLog, D:\funity\Test1\actions-runner\_diag\blocks\6537e3c4-80e4-4a83-9c21-89f584b533bd_295c6a83-928c-4358-abd9-476de2c7d957.1
[2026-06-04 04:10:38Z INFO JobServerQueue] Try to upload 1 log files or attachments, success rate: 1/1.
[2026-06-04 04:10:38Z INFO JobServerQueue] Try to append 1 batches web console lines for record 'f3cb7881-ba46-456c-b326-b1f3728c52ea', success rate: 1/1.
[2026-06-04 04:10:38Z INFO JobServerQueue] Try to append 1 batches web console lines for record 'f3cb7881-ba46-456c-b326-b1f3728c52ea', success rate: 1/1.
[2026-06-04 04:10:38Z INFO JobServerQueue] Try to append 1 batches web console lines for record 'f3cb7881-ba46-456c-b326-b1f3728c52ea', success rate: 1/1.
[2026-06-04 04:10:39Z INFO JobServerQueue] Try to append 1 batches web console lines for record 'f3cb7881-ba46-456c-b326-b1f3728c52ea', success rate: 1/1.
[2026-06-04 04:10:39Z INFO JobServerQueue] Tried to upload 1 file(s) to results, success rate: 1/1.
[2026-06-04 04:10:39Z INFO JobServerQueue] Try to append 1 batches web console lines for record 'f3cb7881-ba46-456c-b326-b1f3728c52ea', success rate: 1/1.
[2026-06-04 04:10:40Z INFO JobServerQueue] Try to append 1 batches web console lines for record 'f3cb7881-ba46-456c-b326-b1f3728c52ea', success rate: 1/1.
[2026-06-04 04:10:40Z INFO JobServerQueue] Try to append 1 batches web console lines for record 'f3cb7881-ba46-456c-b326-b1f3728c52ea', success rate: 1/1.
[2026-06-04 04:10:47Z INFO HostContext] Well known directory 'Bin': 'D:\funity\Test1\actions-runner\bin'
[2026-06-04 04:10:47Z INFO HostContext] Well known directory 'Root': 'D:\funity\Test1\actions-runner'
[2026-06-04 04:10:47Z INFO HostContext] Well known directory 'Work': 'D:\funity\Test1\actions-runner\_work'
[2026-06-04 04:10:51Z INFO JobServerQueue] Try to append 1 batches web console lines for record 'f3cb7881-ba46-456c-b326-b1f3728c52ea', success rate: 1/1.
[2026-06-04 04:10:52Z INFO JobServerQueue] Try to append 1 batches web console lines for record 'f3cb7881-ba46-456c-b326-b1f3728c52ea', success rate: 1/1.
[2026-06-04 04:10:53Z INFO JobServerQueue] Try to append 1 batches web console lines for record 'f3cb7881-ba46-456c-b326-b1f3728c52ea', success rate: 1/1.
[2026-06-04 04:10:53Z INFO JobServerQueue] Try to append 1 batches web console lines for record 'f3cb7881-ba46-456c-b326-b1f3728c52ea', success rate: 1/1.
[2026-06-04 04:10:53Z INFO JobServerQueue] Try to append 1 batches web console lines for record 'f3cb7881-ba46-456c-b326-b1f3728c52ea', success rate: 1/1.
[2026-06-04 04:10:54Z INFO ProcessInvokerWrapper] STDOUT/STDERR stream read finished.
[2026-06-04 04:10:54Z INFO ProcessInvokerWrapper] STDOUT/STDERR stream read finished.
[2026-06-04 04:10:54Z INFO ProcessInvokerWrapper] Finished process 38620 with exit code 0, and elapsed time 00:00:16.9577897.
[2026-06-04 04:10:54Z INFO CreateStepSummaryCommand] Step Summary file (D:\funity\Test1\actions-runner\_work\_temp\_runner_file_commands\step_summary_f611da2e-8cdc-4b7a-a757-b5a0819deff8) is empty; skipping attachment upload
[2026-06-04 04:10:54Z INFO StepsRunner] Step result: 
[2026-06-04 04:10:54Z INFO ExecutionContext] Publish step telemetry for current step {
  "action": "actions/checkout",
  "ref": "v4",
  "type": "node24",
  "stage": "Main",
  "stepId": "f3cb7881-ba46-456c-b326-b1f3728c52ea",
  "stepContextName": "__actions_checkout",
  "hasPreStep": false,
  "hasPostStep": true,
  "result": "succeeded",
  "errorMessages": [
    "no submodule mapping found in .gitmodules for path 'actions-runner/_work/unity-qa-automation-pipeline/unity-qa-automation-pipeline'"
  ],
  "executionTimeInSeconds": 18,
  "startTime": "2026-06-04T04:10:37.0331773Z",
  "finishTime": "2026-06-04T04:10:54.0811584Z"
}.
[2026-06-04 04:10:54Z INFO StepsRunner] No need for updating job result with current step result 'Succeeded'.
[2026-06-04 04:10:54Z INFO StepsRunner] Current state: job state = ''
[2026-06-04 04:10:54Z INFO StepsRunner] Processing step: DisplayName='Execute Unity QA Master Pipeline'
[2026-06-04 04:10:54Z INFO StepsRunner] Evaluating: success()
[2026-06-04 04:10:54Z INFO StepsRunner] Result: true
[2026-06-04 04:10:54Z INFO StepsRunner] Starting the step.
[2026-06-04 04:10:54Z INFO HostContext] Well known directory 'Bin': 'D:\funity\Test1\actions-runner\bin'
[2026-06-04 04:10:54Z INFO HostContext] Well known directory 'Root': 'D:\funity\Test1\actions-runner'
[2026-06-04 04:10:54Z INFO HostContext] Well known directory 'Work': 'D:\funity\Test1\actions-runner\_work'
[2026-06-04 04:10:54Z INFO StepsRunner] Which2: 'chcp'
[2026-06-04 04:10:54Z INFO StepsRunner] Location: 'C:\Windows\system32\chcp.COM'
[2026-06-04 04:10:54Z INFO ProcessInvokerWrapper] Starting process:
[2026-06-04 04:10:54Z INFO ProcessInvokerWrapper]   File name: 'C:\Windows\system32\chcp.COM'
[2026-06-04 04:10:54Z INFO ProcessInvokerWrapper]   Arguments: '65001'
[2026-06-04 04:10:54Z INFO ProcessInvokerWrapper]   Working directory: 'D:\funity\Test1\actions-runner\_work'
[2026-06-04 04:10:54Z INFO ProcessInvokerWrapper]   Require exit code zero: 'False'
[2026-06-04 04:10:54Z INFO ProcessInvokerWrapper]   Encoding web name:  ; code page: ''
[2026-06-04 04:10:54Z INFO ProcessInvokerWrapper]   Force kill process on cancellation: 'False'
[2026-06-04 04:10:54Z INFO ProcessInvokerWrapper]   Redirected STDIN: 'False'
[2026-06-04 04:10:54Z INFO ProcessInvokerWrapper]   Persist current code page: 'True'
[2026-06-04 04:10:54Z INFO ProcessInvokerWrapper]   Keep redirected STDIN open: 'False'
[2026-06-04 04:10:54Z INFO ProcessInvokerWrapper]   High priority process: 'False'
[2026-06-04 04:10:54Z INFO ProcessInvokerWrapper] Process started with process id 38204, waiting for process exit.
[2026-06-04 04:10:54Z INFO ProcessInvokerWrapper] STDOUT/STDERR stream read finished.
[2026-06-04 04:10:54Z INFO ProcessInvokerWrapper] STDOUT/STDERR stream read finished.
[2026-06-04 04:10:54Z INFO ProcessInvokerWrapper] Finished process 38204 with exit code 0, and elapsed time 00:00:00.0067318.
[2026-06-04 04:10:54Z INFO StepsRunner] Successfully returned to code page 65001 (UTF8)
[2026-06-04 04:10:54Z INFO HostContext] Well known directory 'Bin': 'D:\funity\Test1\actions-runner\bin'
[2026-06-04 04:10:54Z INFO HostContext] Well known directory 'Root': 'D:\funity\Test1\actions-runner'
[2026-06-04 04:10:54Z INFO HostContext] Well known directory 'Work': 'D:\funity\Test1\actions-runner\_work'
[2026-06-04 04:10:54Z INFO HostContext] Well known directory 'Temp': 'D:\funity\Test1\actions-runner\_work\_temp'
[2026-06-04 04:10:54Z INFO ExecutionContext] Write event payload to D:\funity\Test1\actions-runner\_work\_temp\_github_workflow\event.json
[2026-06-04 04:10:54Z INFO HostContext] Well known directory 'Bin': 'D:\funity\Test1\actions-runner\bin'
[2026-06-04 04:10:54Z INFO HostContext] Well known directory 'Root': 'D:\funity\Test1\actions-runner'
[2026-06-04 04:10:54Z INFO HostContext] Well known directory 'Work': 'D:\funity\Test1\actions-runner\_work'
[2026-06-04 04:10:54Z INFO HostContext] Well known directory 'Temp': 'D:\funity\Test1\actions-runner\_work\_temp'
[2026-06-04 04:10:54Z INFO ExtensionManager] Getting extensions for interface: 'GitHub.Runner.Worker.IFileCommandExtension'
[2026-06-04 04:10:54Z INFO ExtensionManager] Getting extensions for interface: 'GitHub.Runner.Worker.IActionCommandExtension'
[2026-06-04 04:10:54Z INFO ActionCommandManager] Register action command extension for command internal-set-repo-path
[2026-06-04 04:10:54Z INFO ActionCommandManager] Register action command extension for command set-env
[2026-06-04 04:10:54Z INFO ActionCommandManager] Register action command extension for command set-output
[2026-06-04 04:10:54Z INFO ActionCommandManager] Register action command extension for command save-state
[2026-06-04 04:10:54Z INFO ActionCommandManager] Register action command extension for command add-path
[2026-06-04 04:10:54Z INFO ActionCommandManager] Register action command extension for command add-mask
[2026-06-04 04:10:54Z INFO ActionCommandManager] Register action command extension for command add-matcher
[2026-06-04 04:10:54Z INFO ActionCommandManager] Register action command extension for command remove-matcher
[2026-06-04 04:10:54Z INFO ActionCommandManager] Register action command extension for command warning
[2026-06-04 04:10:54Z INFO ActionCommandManager] Register action command extension for command error
[2026-06-04 04:10:54Z INFO ActionCommandManager] Register action command extension for command notice
[2026-06-04 04:10:54Z INFO ActionCommandManager] Register action command extension for command debug
[2026-06-04 04:10:54Z INFO ActionCommandManager] Register action command extension for command group
[2026-06-04 04:10:54Z INFO ActionCommandManager] Register action command extension for command endgroup
[2026-06-04 04:10:54Z INFO ActionCommandManager] Register action command extension for command echo
[2026-06-04 04:10:54Z INFO ScriptHandler] Which2: 'cmd'
[2026-06-04 04:10:54Z INFO ScriptHandler] Location: 'C:\Windows\system32\cmd.EXE'
[2026-06-04 04:10:54Z INFO HostContext] Well known directory 'Bin': 'D:\funity\Test1\actions-runner\bin'
[2026-06-04 04:10:54Z INFO HostContext] Well known directory 'Root': 'D:\funity\Test1\actions-runner'
[2026-06-04 04:10:54Z INFO HostContext] Well known directory 'Work': 'D:\funity\Test1\actions-runner\_work'
[2026-06-04 04:10:54Z INFO HostContext] Well known directory 'Temp': 'D:\funity\Test1\actions-runner\_work\_temp'
[2026-06-04 04:10:54Z INFO ScriptHandler] Which2: 'cmd'
[2026-06-04 04:10:54Z INFO ScriptHandler] Location: 'C:\Windows\system32\cmd.EXE'
[2026-06-04 04:10:54Z INFO ProcessInvokerWrapper] Starting process:
[2026-06-04 04:10:54Z INFO ProcessInvokerWrapper]   File name: 'C:\Windows\system32\cmd.EXE'
[2026-06-04 04:10:54Z INFO ProcessInvokerWrapper]   Arguments: '/D /E:ON /V:OFF /S /C "CALL "D:\funity\Test1\actions-runner\_work\_temp\7732aa2e-78b0-41af-a9fd-17e94b6cc37e.cmd""'
[2026-06-04 04:10:54Z INFO ProcessInvokerWrapper]   Working directory: 'D:\funity\Test1\actions-runner\_work\unity-qa-automation-pipeline\unity-qa-automation-pipeline'
[2026-06-04 04:10:54Z INFO ProcessInvokerWrapper]   Require exit code zero: 'False'
[2026-06-04 04:10:54Z INFO ProcessInvokerWrapper]   Encoding web name:  ; code page: ''
[2026-06-04 04:10:54Z INFO ProcessInvokerWrapper]   Force kill process on cancellation: 'False'
[2026-06-04 04:10:54Z INFO ProcessInvokerWrapper]   Redirected STDIN: 'False'
[2026-06-04 04:10:54Z INFO ProcessInvokerWrapper]   Persist current code page: 'True'
[2026-06-04 04:10:54Z INFO ProcessInvokerWrapper]   Keep redirected STDIN open: 'False'
[2026-06-04 04:10:54Z INFO ProcessInvokerWrapper]   High priority process: 'False'
[2026-06-04 04:10:54Z INFO ProcessInvokerWrapper] Process started with process id 32632, waiting for process exit.
[2026-06-04 04:10:54Z INFO JobServerQueue] Try to upload 1 log files or attachments, success rate: 1/1.
[2026-06-04 04:10:54Z INFO JobServerQueue] Try to append 1 batches web console lines for record 'f3cb7881-ba46-456c-b326-b1f3728c52ea', success rate: 1/1.
[2026-06-04 04:10:54Z INFO JobServerQueue] Try to append 1 batches web console lines for record '2ef37771-0a1a-4d5d-bb7f-6ff9e9f9a2be', success rate: 1/1.
[2026-06-04 04:10:54Z INFO JobServerQueue] Got a step log file to send to results service.
[2026-06-04 04:10:54Z INFO JobServerQueue] Starting upload of step log file to results service ResultsLog, D:\funity\Test1\actions-runner\_diag\blocks\6537e3c4-80e4-4a83-9c21-89f584b533bd_f3cb7881-ba46-456c-b326-b1f3728c52ea.1
[2026-06-04 04:10:55Z INFO JobServerQueue] Tried to upload 1 file(s) to results, success rate: 1/1.
[2026-06-04 04:10:57Z INFO HostContext] Well known directory 'Bin': 'D:\funity\Test1\actions-runner\bin'
[2026-06-04 04:10:57Z INFO HostContext] Well known directory 'Root': 'D:\funity\Test1\actions-runner'
[2026-06-04 04:10:57Z INFO HostContext] Well known directory 'Work': 'D:\funity\Test1\actions-runner\_work'
[2026-06-04 04:11:05Z INFO JobServerQueue] Try to append 1 batches web console lines for record '2ef37771-0a1a-4d5d-bb7f-6ff9e9f9a2be', success rate: 1/1.
[2026-06-04 04:11:06Z INFO JobServerQueue] Try to append 1 batches web console lines for record '2ef37771-0a1a-4d5d-bb7f-6ff9e9f9a2be', success rate: 1/1.
[2026-06-04 04:11:06Z INFO JobServerQueue] Try to append 1 batches web console lines for record '2ef37771-0a1a-4d5d-bb7f-6ff9e9f9a2be', success rate: 1/1.
[2026-06-04 04:11:07Z INFO HostContext] Well known directory 'Bin': 'D:\funity\Test1\actions-runner\bin'
[2026-06-04 04:11:07Z INFO HostContext] Well known directory 'Root': 'D:\funity\Test1\actions-runner'
[2026-06-04 04:11:07Z INFO HostContext] Well known directory 'Work': 'D:\funity\Test1\actions-runner\_work'
[2026-06-04 04:11:17Z INFO HostContext] Well known directory 'Bin': 'D:\funity\Test1\actions-runner\bin'
[2026-06-04 04:11:17Z INFO HostContext] Well known directory 'Root': 'D:\funity\Test1\actions-runner'
[2026-06-04 04:11:17Z INFO HostContext] Well known directory 'Work': 'D:\funity\Test1\actions-runner\_work'
[2026-06-04 04:11:27Z INFO HostContext] Well known directory 'Bin': 'D:\funity\Test1\actions-runner\bin'
[2026-06-04 04:11:27Z INFO HostContext] Well known directory 'Root': 'D:\funity\Test1\actions-runner'
[2026-06-04 04:11:27Z INFO HostContext] Well known directory 'Work': 'D:\funity\Test1\actions-runner\_work'
[2026-06-04 04:11:36Z INFO JobServerQueue] Stop aggressive process web console line queue.
[2026-06-04 04:11:37Z INFO HostContext] Well known directory 'Bin': 'D:\funity\Test1\actions-runner\bin'
[2026-06-04 04:11:37Z INFO HostContext] Well known directory 'Root': 'D:\funity\Test1\actions-runner'
[2026-06-04 04:11:37Z INFO HostContext] Well known directory 'Work': 'D:\funity\Test1\actions-runner\_work'
[2026-06-04 04:11:47Z INFO HostContext] Well known directory 'Bin': 'D:\funity\Test1\actions-runner\bin'
[2026-06-04 04:11:47Z INFO HostContext] Well known directory 'Root': 'D:\funity\Test1\actions-runner'
[2026-06-04 04:11:47Z INFO HostContext] Well known directory 'Work': 'D:\funity\Test1\actions-runner\_work'
[2026-06-04 04:11:57Z INFO HostContext] Well known directory 'Bin': 'D:\funity\Test1\actions-runner\bin'
[2026-06-04 04:11:57Z INFO HostContext] Well known directory 'Root': 'D:\funity\Test1\actions-runner'
[2026-06-04 04:11:57Z INFO HostContext] Well known directory 'Work': 'D:\funity\Test1\actions-runner\_work'
[2026-06-04 04:12:07Z INFO HostContext] Well known directory 'Bin': 'D:\funity\Test1\actions-runner\bin'
[2026-06-04 04:12:07Z INFO HostContext] Well known directory 'Root': 'D:\funity\Test1\actions-runner'
[2026-06-04 04:12:07Z INFO HostContext] Well known directory 'Work': 'D:\funity\Test1\actions-runner\_work'
[2026-06-04 04:12:13Z INFO JobServerQueue] Try to append 1 batches web console lines for record '2ef37771-0a1a-4d5d-bb7f-6ff9e9f9a2be', success rate: 1/1.
[2026-06-04 04:12:16Z INFO JobServerQueue] Try to append 1 batches web console lines for record '2ef37771-0a1a-4d5d-bb7f-6ff9e9f9a2be', success rate: 1/1.
[2026-06-04 04:12:17Z INFO HostContext] Well known directory 'Bin': 'D:\funity\Test1\actions-runner\bin'
[2026-06-04 04:12:17Z INFO HostContext] Well known directory 'Root': 'D:\funity\Test1\actions-runner'
[2026-06-04 04:12:17Z INFO HostContext] Well known directory 'Work': 'D:\funity\Test1\actions-runner\_work'
[2026-06-04 04:12:19Z INFO JobServerQueue] Try to append 1 batches web console lines for record '2ef37771-0a1a-4d5d-bb7f-6ff9e9f9a2be', success rate: 1/1.
[2026-06-04 04:12:22Z INFO JobServerQueue] Try to append 1 batches web console lines for record '2ef37771-0a1a-4d5d-bb7f-6ff9e9f9a2be', success rate: 1/1.
[2026-06-04 04:12:24Z INFO JobServerQueue] Try to append 1 batches web console lines for record '2ef37771-0a1a-4d5d-bb7f-6ff9e9f9a2be', success rate: 1/1.
[2026-06-04 04:12:27Z INFO HostContext] Well known directory 'Bin': 'D:\funity\Test1\actions-runner\bin'
[2026-06-04 04:12:27Z INFO HostContext] Well known directory 'Root': 'D:\funity\Test1\actions-runner'
[2026-06-04 04:12:27Z INFO HostContext] Well known directory 'Work': 'D:\funity\Test1\actions-runner\_work'
[2026-06-04 04:12:27Z INFO JobServerQueue] Try to append 1 batches web console lines for record '2ef37771-0a1a-4d5d-bb7f-6ff9e9f9a2be', success rate: 1/1.
[2026-06-04 04:12:30Z INFO JobServerQueue] Try to append 1 batches web console lines for record '2ef37771-0a1a-4d5d-bb7f-6ff9e9f9a2be', success rate: 1/1.
[2026-06-04 04:12:33Z INFO JobServerQueue] Try to append 1 batches web console lines for record '2ef37771-0a1a-4d5d-bb7f-6ff9e9f9a2be', success rate: 1/1.
[2026-06-04 04:12:35Z INFO JobServerQueue] Try to append 3 batches web console lines for record '2ef37771-0a1a-4d5d-bb7f-6ff9e9f9a2be', success rate: 3/3.
[2026-06-04 04:12:36Z INFO JobServerQueue] Try to append 1 batches web console lines for record '2ef37771-0a1a-4d5d-bb7f-6ff9e9f9a2be', success rate: 1/1.
[2026-06-04 04:12:37Z INFO HostContext] Well known directory 'Bin': 'D:\funity\Test1\actions-runner\bin'
[2026-06-04 04:12:37Z INFO HostContext] Well known directory 'Root': 'D:\funity\Test1\actions-runner'
[2026-06-04 04:12:37Z INFO HostContext] Well known directory 'Work': 'D:\funity\Test1\actions-runner\_work'
[2026-06-04 04:12:37Z INFO JobServerQueue] Try to append 1 batches web console lines for record '2ef37771-0a1a-4d5d-bb7f-6ff9e9f9a2be', success rate: 1/1.
[2026-06-04 04:12:39Z INFO JobServerQueue] Try to append 1 batches web console lines for record '2ef37771-0a1a-4d5d-bb7f-6ff9e9f9a2be', success rate: 1/1.
[2026-06-04 04:12:40Z INFO JobServerQueue] Try to append 1 batches web console lines for record '2ef37771-0a1a-4d5d-bb7f-6ff9e9f9a2be', success rate: 1/1.
[2026-06-04 04:12:40Z INFO JobServerQueue] Try to append 1 batches web console lines for record '2ef37771-0a1a-4d5d-bb7f-6ff9e9f9a2be', success rate: 1/1.
[2026-06-04 04:12:41Z INFO JobServerQueue] Try to append 1 batches web console lines for record '2ef37771-0a1a-4d5d-bb7f-6ff9e9f9a2be', success rate: 1/1.
[2026-06-04 04:12:47Z INFO HostContext] Well known directory 'Bin': 'D:\funity\Test1\actions-runner\bin'
[2026-06-04 04:12:47Z INFO HostContext] Well known directory 'Root': 'D:\funity\Test1\actions-runner'
[2026-06-04 04:12:47Z INFO HostContext] Well known directory 'Work': 'D:\funity\Test1\actions-runner\_work'
[2026-06-04 04:12:57Z INFO HostContext] Well known directory 'Bin': 'D:\funity\Test1\actions-runner\bin'
[2026-06-04 04:12:57Z INFO HostContext] Well known directory 'Root': 'D:\funity\Test1\actions-runner'
[2026-06-04 04:12:57Z INFO HostContext] Well known directory 'Work': 'D:\funity\Test1\actions-runner\_work'
[2026-06-04 04:12:57Z INFO ProcessChannel] Receiving message of length 0, with hash 'e3b0c44298fc1c149afbf4c8996fb92427ae41e4649b934ca495991b7852b855'
[2026-06-04 04:12:57Z INFO Worker] Cancellation/Shutdown message received.
[2026-06-04 04:12:57Z INFO StepsRunner] Evaluating: success()
[2026-06-04 04:12:57Z INFO StepsRunner] Result: false
[2026-06-04 04:12:57Z INFO StepsRunner] Cancel current running step.
[2026-06-04 04:12:57Z INFO ProcessInvokerWrapper] Sending CTRL_C to process 32632.
[2026-06-04 04:12:57Z INFO ProcessInvokerWrapper] Successfully send CTRL_C to process 32632.
[2026-06-04 04:12:57Z INFO ProcessInvokerWrapper] Ignore Ctrl+C to current process.
[2026-06-04 04:12:57Z INFO ProcessInvokerWrapper] Waiting for process exit or 7.5 seconds after CTRL_C signal fired.
[2026-06-04 04:12:58Z INFO ProcessInvokerWrapper] STDOUT/STDERR stream read finished.
[2026-06-04 04:12:58Z INFO ProcessInvokerWrapper] STDOUT/STDERR stream read finished.
[2026-06-04 04:12:58Z INFO ProcessInvokerWrapper] Process exit successfully.
[2026-06-04 04:12:58Z INFO ProcessInvokerWrapper] Process cancelled successfully through Ctrl+C/SIGINT.
[2026-06-04 04:12:58Z INFO ProcessInvokerWrapper] Process Cancellation finished.
[2026-06-04 04:12:58Z INFO ProcessInvokerWrapper] Finished process 32632 with exit code 128, and elapsed time 00:02:04.1273357.
[2026-06-04 04:12:58Z INFO CreateStepSummaryCommand] Step Summary file (D:\funity\Test1\actions-runner\_work\_temp\_runner_file_commands\step_summary_fcc5358a-e16d-46aa-94d7-1992b5b9dbba) is empty; skipping attachment upload
[2026-06-04 04:12:58Z ERR  StepsRunner] Caught cancellation exception from step: System.OperationCanceledException: The operation was canceled.
   at System.Threading.CancellationToken.ThrowOperationCanceledException()
   at GitHub.Runner.Sdk.ProcessInvoker.ExecuteAsync(String workingDirectory, String fileName, String arguments, IDictionary`2 environment, Boolean requireExitCodeZero, Encoding outputEncoding, Boolean killProcessOnCancel, Channel`1 redirectStandardIn, Boolean inheritConsoleHandler, Boolean keepStandardInOpen, Boolean highPriorityProcess, CancellationToken cancellationToken)
   at GitHub.Runner.Common.ProcessInvokerWrapper.ExecuteAsync(String workingDirectory, String fileName, String arguments, IDictionary`2 environment, Boolean requireExitCodeZero, Encoding outputEncoding, Boolean killProcessOnCancel, Channel`1 redirectStandardIn, Boolean inheritConsoleHandler, Boolean keepStandardInOpen, Boolean highPriorityProcess, CancellationToken cancellationToken)
   at GitHub.Runner.Worker.Handlers.DefaultStepHost.ExecuteAsync(IExecutionContext context, String workingDirectory, String fileName, String arguments, IDictionary`2 environment, Boolean requireExitCodeZero, Encoding outputEncoding, Boolean killProcessOnCancel, Boolean inheritConsoleHandler, String standardInInput, CancellationToken cancellationToken)
   at GitHub.Runner.Worker.Handlers.ScriptHandler.RunAsync(ActionRunStage stage)
   at GitHub.Runner.Worker.ActionRunner.RunAsync()
   at GitHub.Runner.Worker.StepsRunner.RunStepAsync(IStep step, CancellationToken jobCancellationToken)
[2026-06-04 04:12:58Z INFO StepsRunner] Step result: Canceled
[2026-06-04 04:12:58Z INFO ExecutionContext] Publish step telemetry for current step {
  "action": "cmd",
  "type": "run",
  "stage": "Main",
  "stepId": "2ef37771-0a1a-4d5d-bb7f-6ff9e9f9a2be",
  "stepContextName": "__run",
  "result": "canceled",
  "errorMessages": [
    "The operation was canceled."
  ],
  "executionTimeInSeconds": 125,
  "startTime": "2026-06-04T04:10:54.082549Z",
  "finishTime": "2026-06-04T04:12:58.2345735Z"
}.
[2026-06-04 04:12:58Z INFO StepsRunner] No need for updating job result with current step result 'Canceled'.
[2026-06-04 04:12:58Z INFO StepsRunner] Current state: job state = 'Canceled'
[2026-06-04 04:12:58Z INFO StepsRunner] Processing step: DisplayName='Post Checkout repository code'
[2026-06-04 04:12:58Z INFO StepsRunner] Evaluating: always()
[2026-06-04 04:12:58Z INFO StepsRunner] Result: true
[2026-06-04 04:12:58Z INFO StepsRunner] Starting the step.
[2026-06-04 04:12:58Z INFO HostContext] Well known directory 'Bin': 'D:\funity\Test1\actions-runner\bin'
[2026-06-04 04:12:58Z INFO HostContext] Well known directory 'Root': 'D:\funity\Test1\actions-runner'
[2026-06-04 04:12:58Z INFO HostContext] Well known directory 'Work': 'D:\funity\Test1\actions-runner\_work'
[2026-06-04 04:12:58Z INFO StepsRunner] Which2: 'chcp'
[2026-06-04 04:12:58Z INFO StepsRunner] Location: 'C:\Windows\system32\chcp.COM'
[2026-06-04 04:12:58Z INFO ProcessInvokerWrapper] Starting process:
[2026-06-04 04:12:58Z INFO ProcessInvokerWrapper]   File name: 'C:\Windows\system32\chcp.COM'
[2026-06-04 04:12:58Z INFO ProcessInvokerWrapper]   Arguments: '65001'
[2026-06-04 04:12:58Z INFO ProcessInvokerWrapper]   Working directory: 'D:\funity\Test1\actions-runner\_work'
[2026-06-04 04:12:58Z INFO ProcessInvokerWrapper]   Require exit code zero: 'False'
[2026-06-04 04:12:58Z INFO ProcessInvokerWrapper]   Encoding web name:  ; code page: ''
[2026-06-04 04:12:58Z INFO ProcessInvokerWrapper]   Force kill process on cancellation: 'False'
[2026-06-04 04:12:58Z INFO ProcessInvokerWrapper]   Redirected STDIN: 'False'
[2026-06-04 04:12:58Z INFO ProcessInvokerWrapper]   Persist current code page: 'True'
[2026-06-04 04:12:58Z INFO ProcessInvokerWrapper]   Keep redirected STDIN open: 'False'
[2026-06-04 04:12:58Z INFO ProcessInvokerWrapper]   High priority process: 'False'
[2026-06-04 04:12:58Z INFO ProcessInvokerWrapper] Process started with process id 39008, waiting for process exit.
[2026-06-04 04:12:58Z INFO JobServerQueue] Got a step log file to send to results service.
[2026-06-04 04:12:58Z INFO JobServerQueue] Starting upload of step log file to results service ResultsLog, D:\funity\Test1\actions-runner\_diag\blocks\6537e3c4-80e4-4a83-9c21-89f584b533bd_2ef37771-0a1a-4d5d-bb7f-6ff9e9f9a2be.1
[2026-06-04 04:12:58Z INFO JobServerQueue] Try to append 1 batches web console lines for record '2ef37771-0a1a-4d5d-bb7f-6ff9e9f9a2be', success rate: 1/1.
[2026-06-04 04:12:58Z INFO ProcessInvokerWrapper] STDOUT/STDERR stream read finished.
[2026-06-04 04:12:58Z INFO ProcessInvokerWrapper] STDOUT/STDERR stream read finished.
[2026-06-04 04:12:58Z INFO ProcessInvokerWrapper] Finished process 39008 with exit code 0, and elapsed time 00:00:00.1304014.
[2026-06-04 04:12:58Z INFO StepsRunner] Successfully returned to code page 65001 (UTF8)
[2026-06-04 04:12:58Z INFO HostContext] Well known directory 'Bin': 'D:\funity\Test1\actions-runner\bin'
[2026-06-04 04:12:58Z INFO HostContext] Well known directory 'Root': 'D:\funity\Test1\actions-runner'
[2026-06-04 04:12:58Z INFO HostContext] Well known directory 'Work': 'D:\funity\Test1\actions-runner\_work'
[2026-06-04 04:12:58Z INFO HostContext] Well known directory 'Actions': 'D:\funity\Test1\actions-runner\_work\_actions'
[2026-06-04 04:12:58Z INFO ActionManager] Load action that reference repository from 'D:\funity\Test1\actions-runner\_work\_actions\actions\checkout\v4'
[2026-06-04 04:12:58Z INFO HostContext] Well known directory 'Bin': 'D:\funity\Test1\actions-runner\bin'
[2026-06-04 04:12:58Z INFO HostContext] Well known directory 'Root': 'D:\funity\Test1\actions-runner'
[2026-06-04 04:12:58Z INFO HostContext] Well known directory 'Work': 'D:\funity\Test1\actions-runner\_work'
[2026-06-04 04:12:58Z INFO HostContext] Well known directory 'Actions': 'D:\funity\Test1\actions-runner\_work\_actions'
[2026-06-04 04:12:58Z INFO ActionManifestManagerLegacy] Loaded action.yml file: {
  "name": "Checkout",
  "description": "Checkout a Git repository at a particular version",
  "inputs": {
    "type": 2,
    "map": [
      {
        "key": {
          "type": 0,
          "file": 2,
          "line": 4,
          "col": 3,
          "lit": "repository"
        },
        "value": {
          "type": 3,
          "file": 2,
          "line": 6,
          "col": 14,
          "expr": "github.repository"
        }
      },
      {
        "key": {
          "type": 0,
          "file": 2,
          "line": 7,
          "col": 3,
          "lit": "ref"
        },
        "value": ""
      },
      {
        "key": {
          "type": 0,
          "file": 2,
          "line": 12,
          "col": 3,
          "lit": "token"
        },
        "value": {
          "type": 3,
          "file": 2,
          "line": 24,
          "col": 14,
          "expr": "github.token"
        }
      },
      {
        "key": {
          "type": 0,
          "file": 2,
          "line": 25,
          "col": 3,
          "lit": "ssh-key"
        },
        "value": ""
      },
      {
        "key": {
          "type": 0,
          "file": 2,
          "line": 37,
          "col": 3,
          "lit": "ssh-known-hosts"
        },
        "value": ""
      },
      {
        "key": {
          "type": 0,
          "file": 2,
          "line": 42,
          "col": 3,
          "lit": "ssh-strict"
        },
        "value": {
          "type": 0,
          "file": 2,
          "line": 47,
          "col": 14,
          "lit": "true"
        }
      },
      {
        "key": {
          "type": 0,
          "file": 2,
          "line": 48,
          "col": 3,
          "lit": "ssh-user"
        },
        "value": {
          "type": 0,
          "file": 2,
          "line": 51,
          "col": 14,
          "lit": "git"
        }
      },
      {
        "key": {
          "type": 0,
          "file": 2,
          "line": 52,
          "col": 3,
          "lit": "persist-credentials"
        },
        "value": {
          "type": 0,
          "file": 2,
          "line": 54,
          "col": 14,
          "lit": "true"
        }
      },
      {
        "key": {
          "type": 0,
          "file": 2,
          "line": 55,
          "col": 3,
          "lit": "path"
        },
        "value": ""
      },
      {
        "key": {
          "type": 0,
          "file": 2,
          "line": 57,
          "col": 3,
          "lit": "clean"
        },
        "value": {
          "type": 0,
          "file": 2,
          "line": 59,
          "col": 14,
          "lit": "true"
        }
      },
      {
        "key": {
          "type": 0,
          "file": 2,
          "line": 60,
          "col": 3,
          "lit": "filter"
        },
        "value": {
          "type": 0,
          "file": 2,
          "line": 64,
          "col": 14,
          "lit": ""
        }
      },
      {
        "key": {
          "type": 0,
          "file": 2,
          "line": 65,
          "col": 3,
          "lit": "sparse-checkout"
        },
        "value": {
          "type": 0,
          "file": 2,
          "line": 69,
          "col": 14,
          "lit": ""
        }
      },
      {
        "key": {
          "type": 0,
          "file": 2,
          "line": 70,
          "col": 3,
          "lit": "sparse-checkout-cone-mode"
        },
        "value": {
          "type": 0,
          "file": 2,
          "line": 73,
          "col": 14,
          "lit": "true"
        }
      },
      {
        "key": {
          "type": 0,
          "file": 2,
          "line": 74,
          "col": 3,
          "lit": "fetch-depth"
        },
        "value": {
          "type": 0,
          "file": 2,
          "line": 76,
          "col": 14,
          "lit": "1"
        }
      },
      {
        "key": {
          "type": 0,
          "file": 2,
          "line": 77,
          "col": 3,
          "lit": "fetch-tags"
        },
        "value": {
          "type": 0,
          "file": 2,
          "line": 79,
          "col": 14,
          "lit": "false"
        }
      },
      {
        "key": {
          "type": 0,
          "file": 2,
          "line": 80,
          "col": 3,
          "lit": "show-progress"
        },
        "value": {
          "type": 0,
          "file": 2,
          "line": 82,
          "col": 14,
          "lit": "true"
        }
      },
      {
        "key": {
          "type": 0,
          "file": 2,
          "line": 83,
          "col": 3,
          "lit": "lfs"
        },
        "value": {
          "type": 0,
          "file": 2,
          "line": 85,
          "col": 14,
          "lit": "false"
        }
      },
      {
        "key": {
          "type": 0,
          "file": 2,
          "line": 86,
          "col": 3,
          "lit": "submodules"
        },
        "value": {
          "type": 0,
          "file": 2,
          "line": 94,
          "col": 14,
          "lit": "false"
        }
      },
      {
        "key": {
          "type": 0,
          "file": 2,
          "line": 95,
          "col": 3,
          "lit": "set-safe-directory"
        },
        "value": {
          "type": 0,
          "file": 2,
          "line": 97,
          "col": 14,
          "lit": "true"
        }
      },
      {
        "key": {
          "type": 0,
          "file": 2,
          "line": 98,
          "col": 3,
          "lit": "github-server-url"
        },
        "value": ""
      }
    ]
  },
  "execution": {
    "executionType": "nodeJS",
    "hasPre": false,
    "hasPost": true,
    "script": "dist/index.js",
    "pre": null,
    "post": "dist/index.js",
    "nodeVersion": "node20",
    "cleanupCondition": "always()",
    "initCondition": "always()"
  },
  "deprecated": null
}
[2026-06-04 04:12:58Z INFO ActionManager] Action pre node.js file: N/A.
[2026-06-04 04:12:58Z INFO ActionManager] Action node.js file: dist/index.js.
[2026-06-04 04:12:58Z INFO ActionManager] Action post node.js file: dist/index.js.
[2026-06-04 04:12:58Z INFO HostContext] Well known directory 'Bin': 'D:\funity\Test1\actions-runner\bin'
[2026-06-04 04:12:58Z INFO HostContext] Well known directory 'Root': 'D:\funity\Test1\actions-runner'
[2026-06-04 04:12:58Z INFO HostContext] Well known directory 'Work': 'D:\funity\Test1\actions-runner\_work'
[2026-06-04 04:12:58Z INFO HostContext] Well known directory 'Temp': 'D:\funity\Test1\actions-runner\_work\_temp'
[2026-06-04 04:12:58Z INFO ExecutionContext] Write event payload to D:\funity\Test1\actions-runner\_work\_temp\_github_workflow\event.json
[2026-06-04 04:12:58Z INFO HostContext] Well known directory 'Bin': 'D:\funity\Test1\actions-runner\bin'
[2026-06-04 04:12:58Z INFO HostContext] Well known directory 'Root': 'D:\funity\Test1\actions-runner'
[2026-06-04 04:12:58Z INFO HostContext] Well known directory 'Work': 'D:\funity\Test1\actions-runner\_work'
[2026-06-04 04:12:58Z INFO HostContext] Well known directory 'Temp': 'D:\funity\Test1\actions-runner\_work\_temp'
[2026-06-04 04:12:58Z INFO ExtensionManager] Getting extensions for interface: 'GitHub.Runner.Worker.IFileCommandExtension'
[2026-06-04 04:12:58Z INFO ActionManifestManagerLegacy] Input 'repository': default value evaluate result: {
  "type": 0,
  "file": 2,
  "line": 6,
  "col": 14,
  "lit": "MunChaeWon/unity-qa-automation-pipeline"
}
[2026-06-04 04:12:58Z INFO ActionManifestManagerLegacy] Input 'ref': default value evaluate result: ""
[2026-06-04 04:12:58Z INFO ActionManifestManagerLegacy] Input 'token': default value evaluate result: {
  "type": 0,
  "file": 2,
  "line": 24,
  "col": 14,
  "lit": "***"
}
[2026-06-04 04:12:58Z INFO ActionManifestManagerLegacy] Input 'ssh-key': default value evaluate result: ""
[2026-06-04 04:12:58Z INFO ActionManifestManagerLegacy] Input 'ssh-known-hosts': default value evaluate result: ""
[2026-06-04 04:12:58Z INFO ActionManifestManagerLegacy] Input 'ssh-strict': default value evaluate result: {
  "type": 0,
  "file": 2,
  "line": 47,
  "col": 14,
  "lit": "true"
}
[2026-06-04 04:12:58Z INFO ActionManifestManagerLegacy] Input 'ssh-user': default value evaluate result: {
  "type": 0,
  "file": 2,
  "line": 51,
  "col": 14,
  "lit": "git"
}
[2026-06-04 04:12:58Z INFO ActionManifestManagerLegacy] Input 'persist-credentials': default value evaluate result: {
  "type": 0,
  "file": 2,
  "line": 54,
  "col": 14,
  "lit": "true"
}
[2026-06-04 04:12:58Z INFO ActionManifestManagerLegacy] Input 'path': default value evaluate result: ""
[2026-06-04 04:12:58Z INFO ActionManifestManagerLegacy] Input 'filter': default value evaluate result: {
  "type": 0,
  "file": 2,
  "line": 64,
  "col": 14,
  "lit": ""
}
[2026-06-04 04:12:58Z INFO ActionManifestManagerLegacy] Input 'sparse-checkout': default value evaluate result: {
  "type": 0,
  "file": 2,
  "line": 69,
  "col": 14,
  "lit": ""
}
[2026-06-04 04:12:58Z INFO ActionManifestManagerLegacy] Input 'sparse-checkout-cone-mode': default value evaluate result: {
  "type": 0,
  "file": 2,
  "line": 73,
  "col": 14,
  "lit": "true"
}
[2026-06-04 04:12:58Z INFO ActionManifestManagerLegacy] Input 'fetch-depth': default value evaluate result: {
  "type": 0,
  "file": 2,
  "line": 76,
  "col": 14,
  "lit": "1"
}
[2026-06-04 04:12:58Z INFO ActionManifestManagerLegacy] Input 'fetch-tags': default value evaluate result: {
  "type": 0,
  "file": 2,
  "line": 79,
  "col": 14,
  "lit": "false"
}
[2026-06-04 04:12:58Z INFO ActionManifestManagerLegacy] Input 'show-progress': default value evaluate result: {
  "type": 0,
  "file": 2,
  "line": 82,
  "col": 14,
  "lit": "true"
}
[2026-06-04 04:12:58Z INFO ActionManifestManagerLegacy] Input 'lfs': default value evaluate result: {
  "type": 0,
  "file": 2,
  "line": 85,
  "col": 14,
  "lit": "false"
}
[2026-06-04 04:12:58Z INFO ActionManifestManagerLegacy] Input 'submodules': default value evaluate result: {
  "type": 0,
  "file": 2,
  "line": 94,
  "col": 14,
  "lit": "false"
}
[2026-06-04 04:12:58Z INFO ActionManifestManagerLegacy] Input 'set-safe-directory': default value evaluate result: {
  "type": 0,
  "file": 2,
  "line": 97,
  "col": 14,
  "lit": "true"
}
[2026-06-04 04:12:58Z INFO ActionManifestManagerLegacy] Input 'github-server-url': default value evaluate result: ""
[2026-06-04 04:12:58Z INFO ExtensionManager] Getting extensions for interface: 'GitHub.Runner.Worker.IActionCommandExtension'
[2026-06-04 04:12:58Z INFO ActionCommandManager] Register action command extension for command internal-set-repo-path
[2026-06-04 04:12:58Z INFO ActionCommandManager] Register action command extension for command set-env
[2026-06-04 04:12:58Z INFO ActionCommandManager] Register action command extension for command set-output
[2026-06-04 04:12:58Z INFO ActionCommandManager] Register action command extension for command save-state
[2026-06-04 04:12:58Z INFO ActionCommandManager] Register action command extension for command add-path
[2026-06-04 04:12:58Z INFO ActionCommandManager] Register action command extension for command add-mask
[2026-06-04 04:12:58Z INFO ActionCommandManager] Register action command extension for command add-matcher
[2026-06-04 04:12:58Z INFO ActionCommandManager] Register action command extension for command remove-matcher
[2026-06-04 04:12:58Z INFO ActionCommandManager] Register action command extension for command warning
[2026-06-04 04:12:58Z INFO ActionCommandManager] Register action command extension for command error
[2026-06-04 04:12:58Z INFO ActionCommandManager] Register action command extension for command notice
[2026-06-04 04:12:58Z INFO ActionCommandManager] Register action command extension for command debug
[2026-06-04 04:12:58Z INFO ActionCommandManager] Register action command extension for command group
[2026-06-04 04:12:58Z INFO ActionCommandManager] Register action command extension for command endgroup
[2026-06-04 04:12:58Z INFO ActionCommandManager] Register action command extension for command echo
[2026-06-04 04:12:58Z INFO HostContext] Well known directory 'Bin': 'D:\funity\Test1\actions-runner\bin'
[2026-06-04 04:12:58Z INFO HostContext] Well known directory 'Root': 'D:\funity\Test1\actions-runner'
[2026-06-04 04:12:58Z INFO HostContext] Well known directory 'Externals': 'D:\funity\Test1\actions-runner\externals'
[2026-06-04 04:12:58Z INFO ProcessInvokerWrapper] Starting process:
[2026-06-04 04:12:58Z INFO ProcessInvokerWrapper]   File name: 'D:\funity\Test1\actions-runner\externals\node24\bin\node.exe'
[2026-06-04 04:12:58Z INFO ProcessInvokerWrapper]   Arguments: '"D:\funity\Test1\actions-runner\_work\_actions\actions\checkout\v4\dist/index.js"'
[2026-06-04 04:12:58Z INFO ProcessInvokerWrapper]   Working directory: 'D:\funity\Test1\actions-runner\_work\unity-qa-automation-pipeline\unity-qa-automation-pipeline'
[2026-06-04 04:12:58Z INFO ProcessInvokerWrapper]   Require exit code zero: 'False'
[2026-06-04 04:12:58Z INFO ProcessInvokerWrapper]   Encoding web name: utf-8 ; code page: '65001'
[2026-06-04 04:12:58Z INFO ProcessInvokerWrapper]   Force kill process on cancellation: 'False'
[2026-06-04 04:12:58Z INFO ProcessInvokerWrapper]   Redirected STDIN: 'False'
[2026-06-04 04:12:58Z INFO ProcessInvokerWrapper]   Persist current code page: 'True'
[2026-06-04 04:12:58Z INFO ProcessInvokerWrapper]   Keep redirected STDIN open: 'False'
[2026-06-04 04:12:58Z INFO ProcessInvokerWrapper]   High priority process: 'False'
[2026-06-04 04:12:58Z INFO ProcessInvokerWrapper] Process started with process id 40484, waiting for process exit.
[2026-06-04 04:12:58Z INFO AddMaskCommandExtension] Add new secret mask with length of 32
[2026-06-04 04:12:58Z INFO JobServerQueue] Try to append 1 batches web console lines for record 'c5c3c680-64f3-49da-bc0c-809b29a8f878', success rate: 1/1.
[2026-06-04 04:12:59Z INFO JobServerQueue] Try to upload 1 log files or attachments, success rate: 1/1.
[2026-06-04 04:12:59Z INFO ProcessInvokerWrapper] STDOUT/STDERR stream read finished.
[2026-06-04 04:12:59Z INFO ProcessInvokerWrapper] STDOUT/STDERR stream read finished.
[2026-06-04 04:12:59Z INFO ProcessInvokerWrapper] Finished process 40484 with exit code 0, and elapsed time 00:00:00.8949166.
[2026-06-04 04:12:59Z INFO CreateStepSummaryCommand] Step Summary file (D:\funity\Test1\actions-runner\_work\_temp\_runner_file_commands\step_summary_a5545230-66f0-4e4d-9348-adb26a5db0d5) is empty; skipping attachment upload
[2026-06-04 04:12:59Z INFO StepsRunner] Step result: 
[2026-06-04 04:12:59Z INFO ExecutionContext] Publish step telemetry for current step {
  "action": "actions/checkout",
  "ref": "v4",
  "type": "node24",
  "stage": "Post",
  "stepId": "c5c3c680-64f3-49da-bc0c-809b29a8f878",
  "result": "succeeded",
  "errorMessages": [
    "The process 'C:\\Program Files\\Git\\cmd\\git.exe' failed with exit code 128"
  ],
  "executionTimeInSeconds": 2,
  "startTime": "2026-06-04T04:12:58.235245Z",
  "finishTime": "2026-06-04T04:12:59.2737089Z"
}.
[2026-06-04 04:12:59Z INFO StepsRunner] No need for updating job result with current step result 'Succeeded'.
[2026-06-04 04:12:59Z INFO StepsRunner] Current state: job state = 'Canceled'
[2026-06-04 04:12:59Z INFO JobRunner] Finalize job.
[2026-06-04 04:12:59Z INFO HostContext] Well known directory 'Bin': 'D:\funity\Test1\actions-runner\bin'
[2026-06-04 04:12:59Z INFO HostContext] Well known directory 'Root': 'D:\funity\Test1\actions-runner'
[2026-06-04 04:12:59Z INFO HostContext] Well known directory 'Diag': 'D:\funity\Test1\actions-runner\_diag'
[2026-06-04 04:12:59Z INFO HostContext] Well known directory 'Bin': 'D:\funity\Test1\actions-runner\bin'
[2026-06-04 04:12:59Z INFO HostContext] Well known directory 'Root': 'D:\funity\Test1\actions-runner'
[2026-06-04 04:12:59Z INFO HostContext] Well known directory 'Diag': 'D:\funity\Test1\actions-runner\_diag'
[2026-06-04 04:12:59Z INFO JobExtension] Initialize Env context
[2026-06-04 04:12:59Z INFO JobExtension] Initialize steps context
[2026-06-04 04:12:59Z INFO JobServerQueue] Try to append 1 batches web console lines for record 'c5c3c680-64f3-49da-bc0c-809b29a8f878', success rate: 1/1.
[2026-06-04 04:12:59Z INFO JobServerQueue] Try to append 1 batches web console lines for record 'f3717c29-f9a7-4458-b3e4-8ea5a4b90ea9', success rate: 1/1.
[2026-06-04 04:12:59Z INFO JobExtension] Total accessible running process: 313.
[2026-06-04 04:12:59Z INFO JobExtension] Inspecting process environment variables. PID: 38852 (svchost)
[2026-06-04 04:12:59Z WARN JobExtension] Ignore exception during read process environment variables: 액세스가 거부되었습니다.
[2026-06-04 04:12:59Z INFO JobExtension] Inspecting process environment variables. PID: 20220 (backgroundTaskHost)
[2026-06-04 04:12:59Z INFO JobExtension] Inspecting process environment variables. PID: 31180 (backgroundTaskHost)
[2026-06-04 04:12:59Z INFO JobExtension] Inspecting process environment variables. PID: 22188 (svchost)
[2026-06-04 04:12:59Z WARN JobExtension] Ignore exception during read process environment variables: 액세스가 거부되었습니다.
[2026-06-04 04:12:59Z INFO JobExtension] Inspecting process environment variables. PID: 38688 (Unity Hub)
[2026-06-04 04:12:59Z INFO JobExtension] Inspecting process environment variables. PID: 16920 (Unity Hub)
[2026-06-04 04:12:59Z INFO JobExtension] Inspecting process environment variables. PID: 37840 (Unity Hub)
[2026-06-04 04:12:59Z INFO JobExtension] Inspecting process environment variables. PID: 37572 (Unity Hub)
[2026-06-04 04:12:59Z INFO JobExtension] Inspecting process environment variables. PID: 38996 (Unity.Licensing.Client)
[2026-06-04 04:12:59Z INFO JobExtension] Inspecting process environment variables. PID: 39516 (WmiPrvSE)
[2026-06-04 04:12:59Z WARN JobExtension] Ignore exception during read process environment variables: 액세스가 거부되었습니다.
[2026-06-04 04:12:59Z INFO JobExtension] Inspecting process environment variables. PID: 39568 (svchost)
[2026-06-04 04:12:59Z WARN JobExtension] Ignore exception during read process environment variables: 액세스가 거부되었습니다.
[2026-06-04 04:12:59Z INFO JobExtension] Inspecting process environment variables. PID: 36956 (chrome)
[2026-06-04 04:12:59Z INFO JobExtension] Inspecting process environment variables. PID: 39852 (chrome)
[2026-06-04 04:12:59Z INFO JobExtension] Inspecting process environment variables. PID: 39820 (chrome)
[2026-06-04 04:12:59Z INFO JobExtension] Inspecting process environment variables. PID: 40212 (chrome)
[2026-06-04 04:12:59Z INFO JobExtension] Wait for all connectivity checks to finish.
[2026-06-04 04:12:59Z INFO JobExtension] Connectivity check result: GitHub.Runner.Worker.JobExtension+CheckResult
[2026-06-04 04:12:59Z INFO JobExtension] Connectivity check result: GitHub.Runner.Worker.JobExtension+CheckResult
[2026-06-04 04:12:59Z INFO JobExtension] Connectivity check result: GitHub.Runner.Worker.JobExtension+CheckResult
[2026-06-04 04:12:59Z INFO ExecutionContext] Publish step telemetry for current step {
  "action": "complete_job",
  "type": "runner",
  "stage": "Post",
  "stepId": "f3717c29-f9a7-4458-b3e4-8ea5a4b90ea9",
  "result": "succeeded",
  "errorMessages": [
    "Node.js 20 is deprecated. The following actions target Node.js 20 but are being forced to run on Node.js 24: actions/checkout@v4. For more information see: https://github.blog/changelog/2025-09-19-deprecation-of-node-20-on-github-actions-runners/"
  ],
  "executionTimeInSeconds": 1,
  "startTime": "2026-06-04T04:12:59.2779534Z",
  "finishTime": "2026-06-04T04:12:59.340928Z"
}.
[2026-06-04 04:12:59Z INFO JobRunner] Job result after all job steps finish: Canceled
[2026-06-04 04:12:59Z INFO JobRunner] Completing the job execution context.
[2026-06-04 04:12:59Z INFO JobRunner] Shutting down the job server queue.
[2026-06-04 04:12:59Z INFO JobServerQueue] Fire signal to shutdown all queues.
[2026-06-04 04:13:00Z INFO JobServerQueue] Tried to upload 1 file(s) to results, success rate: 1/1.
[2026-06-04 04:13:01Z INFO JobServerQueue] All queue process task stopped.
[2026-06-04 04:13:01Z INFO JobServerQueue] Try to append 1 batches web console lines for record 'f3717c29-f9a7-4458-b3e4-8ea5a4b90ea9', success rate: 1/1.
[2026-06-04 04:13:01Z INFO JobServerQueue] Web console line queue drained.
[2026-06-04 04:13:01Z INFO JobServerQueue] Uploading 3 files in one shot.
[2026-06-04 04:13:01Z INFO JobServerQueue] Try to upload 3 log files or attachments, success rate: 3/3.
[2026-06-04 04:13:01Z INFO JobServerQueue] File upload queue drained.
[2026-06-04 04:13:01Z INFO JobServerQueue] Starting results-based upload queue...
[2026-06-04 04:13:01Z INFO JobServerQueue] Uploading 3 file(s) in one shot through results service.
[2026-06-04 04:13:01Z INFO JobServerQueue] Got a step log file to send to results service.
[2026-06-04 04:13:01Z INFO JobServerQueue] Starting upload of step log file to results service ResultsLog, D:\funity\Test1\actions-runner\_diag\blocks\6537e3c4-80e4-4a83-9c21-89f584b533bd_c5c3c680-64f3-49da-bc0c-809b29a8f878.1
[2026-06-04 04:13:02Z INFO JobServerQueue] Got a step log file to send to results service.
[2026-06-04 04:13:02Z INFO JobServerQueue] Starting upload of step log file to results service ResultsLog, D:\funity\Test1\actions-runner\_diag\blocks\6537e3c4-80e4-4a83-9c21-89f584b533bd_f3717c29-f9a7-4458-b3e4-8ea5a4b90ea9.1
[2026-06-04 04:13:02Z INFO JobServerQueue] Got a job log file to send to results service.
[2026-06-04 04:13:02Z INFO JobServerQueue] Starting upload of job log file to results service ResultsLog, D:\funity\Test1\actions-runner\_diag\blocks\6537e3c4-80e4-4a83-9c21-89f584b533bd_e454fd80-8b4e-562a-9d31-549fd2276e07.1
[2026-06-04 04:13:03Z INFO JobServerQueue] Tried to upload 3 file(s) to results, success rate: 3/3.
[2026-06-04 04:13:03Z INFO JobServerQueue] Results upload queue drained.
[2026-06-04 04:13:03Z INFO JobServerQueue] Timeline update queue drained.
[2026-06-04 04:13:03Z INFO JobServerQueue] Disposing job server ...
[2026-06-04 04:13:03Z INFO JobServerQueue] Disposing results server ...
[2026-06-04 04:13:03Z INFO JobServerQueue] All queue process tasks have been stopped, and all queues are drained.
[2026-06-04 04:13:03Z INFO TempDirectoryManager] Cleaning runner temp folder: D:\funity\Test1\actions-runner\_work\_temp
[2026-06-04 04:13:03Z INFO HostContext] Well known directory 'Bin': 'D:\funity\Test1\actions-runner\bin'
[2026-06-04 04:13:03Z INFO HostContext] Well known directory 'Root': 'D:\funity\Test1\actions-runner'
[2026-06-04 04:13:03Z INFO HostContext] Well known directory 'Diag': 'D:\funity\Test1\actions-runner\_diag'
[2026-06-04 04:13:03Z INFO HostContext] Well known config file 'Telemetry': 'D:\funity\Test1\actions-runner\_diag\.telemetry'
[2026-06-04 04:13:03Z INFO JobRunner] Raising job completed against run service
