[2026-06-04 03:44:49Z INFO HostContext] No proxy settings were found based on environmental variables (http_proxy/https_proxy/HTTP_PROXY/HTTPS_PROXY)
[2026-06-04 03:44:49Z INFO HostContext] Well known directory 'Bin': 'D:\funity\Test1\actions-runner\bin'
[2026-06-04 03:44:49Z INFO HostContext] Well known directory 'Root': 'D:\funity\Test1\actions-runner'
[2026-06-04 03:44:49Z INFO HostContext] Well known config file 'Credentials': 'D:\funity\Test1\actions-runner\.credentials'
[2026-06-04 03:44:49Z INFO HostContext] Well known directory 'Bin': 'D:\funity\Test1\actions-runner\bin'
[2026-06-04 03:44:49Z INFO HostContext] Well known directory 'Root': 'D:\funity\Test1\actions-runner'
[2026-06-04 03:44:49Z INFO HostContext] Well known config file 'Runner': 'D:\funity\Test1\actions-runner\.runner'
[2026-06-04 03:44:50Z INFO Worker] Version: 2.334.0
[2026-06-04 03:44:50Z INFO Worker] Commit: f1995ede5d885c997d13d8eca5467c4ce97fe69c
[2026-06-04 03:44:50Z INFO Worker] Culture: ko-KR
[2026-06-04 03:44:50Z INFO Worker] UI Culture: ko-KR
[2026-06-04 03:44:50Z INFO Worker] Waiting to receive the job message from the channel.
[2026-06-04 03:44:50Z INFO ProcessChannel] Receiving message of length 23152, with hash '5a80e2411aafc559a7bde2db4a13d53a58b917d5b21457e1467c4b6fc30c9f6a'
[2026-06-04 03:44:50Z INFO Worker] Message received.
[2026-06-04 03:44:50Z INFO Worker] Job message:
 {
  "environmentVariables": [
    {
      "type": 2,
      "file": 1,
      "line": 13,
      "col": 3,
      "map": [
        {
          "key": {
            "type": 0,
            "file": 1,
            "line": 13,
            "col": 3,
            "lit": "FORCE_JAVASCRIPT_ACTIONS_TO_NODE24"
          },
          "value": {
            "type": 0,
            "file": 1,
            "line": 13,
            "col": 39,
            "lit": "true"
          }
        }
      ]
    }
  ],
  "fileTable": [
    ".github/workflows/unity-regression.yml"
  ],
  "mask": [
    {
      "type": "regex",
      "value": "***"
    },
    {
      "type": "regex",
      "value": "***"
    },
    {
      "type": "regex",
      "value": "***"
    },
    {
      "type": "regex",
      "value": "***"
    },
    {
      "type": "regex",
      "value": "***"
    },
    {
      "type": "regex",
      "value": "***"
    },
    {
      "type": "regex",
      "value": "***"
    },
    {
      "type": "regex",
      "value": "***"
    },
    {
      "type": "regex",
      "value": "***"
    },
    {
      "type": "regex",
      "value": "***"
    },
    {
      "type": "regex",
      "value": "***"
    },
    {
      "type": "regex",
      "value": "***"
    },
    {
      "type": "regex",
      "value": "***"
    },
    {
      "type": "regex",
      "value": "***"
    },
    {
      "type": "regex",
      "value": "***"
    },
    {
      "type": "regex",
      "value": "***"
    },
    {
      "type": "regex",
      "value": "***"
    },
    {
      "type": "regex",
      "value": "***"
    },
    {
      "type": "regex",
      "value": "***"
    },
    {
      "type": "regex",
      "value": "***"
    },
    {
      "type": "regex",
      "value": "***"
    },
    {
      "type": "regex",
      "value": "***"
    },
    {
      "type": "regex",
      "value": "***"
    },
    {
      "type": "regex",
      "value": "***"
    }
  ],
  "steps": [
    {
      "type": "action",
      "reference": {
        "type": "repository",
        "name": "actions/checkout",
        "ref": "v4",
        "repositoryType": "GitHub"
      },
      "displayNameToken": {
        "type": 0,
        "file": 1,
        "line": 20,
        "col": 15,
        "lit": "Checkout repository code"
      },
      "contextName": "__actions_checkout",
      "inputs": {
        "type": 2,
        "file": 1,
        "line": 23,
        "col": 11,
        "map": [
          {
            "key": {
              "type": 0,
              "file": 1,
              "line": 23,
              "col": 11,
              "lit": "clean"
            },
            "value": {
              "type": 0,
              "file": 1,
              "line": 23,
              "col": 18,
              "lit": "false"
            }
          }
        ]
      },
      "condition": "success()",
      "id": "e560e35b-a522-40dd-baaf-972e26553385",
      "name": "__actions_checkout"
    },
    {
      "type": "action",
      "reference": {
        "type": "script"
      },
      "displayNameToken": {
        "type": 0,
        "file": 1,
        "line": 26,
        "col": 15,
        "lit": "Execute Unity QA Master Pipeline"
      },
      "contextName": "__run",
      "inputs": {
        "type": 2,
        "map": [
          {
            "key": "script",
            "value": {
              "type": 0,
              "file": 1,
              "line": 27,
              "col": 14,
              "lit": "cd /d D:\\funity\\Test1\ncall alt-tests\\run_alt_ci_pipeline.bat"
            }
          }
        ]
      },
      "condition": "success()",
      "id": "0419f3d4-1543-41d1-8c55-361ed8aba72a",
      "name": "__run"
    }
  ],
  "variables": {
    "Actions.EnableHttpRedirects": {
      "value": "true"
    },
    "DistributedTask.AddWarningToNode12Action": {
      "value": "true"
    },
    "DistributedTask.AddWarningToNode16Action": {
      "value": "true"
    },
    "DistributedTask.AllowRunnerContainerHooks": {
      "value": "true"
    },
    "DistributedTask.DeprecateStepOutputCommands": {
      "value": "true"
    },
    "DistributedTask.DetailUntarFailure": {
      "value": "true"
    },
    "DistributedTask.EnableCompositeActions": {
      "value": "true"
    },
    "DistributedTask.EnableJobServerQueueTelemetry": {
      "value": "true"
    },
    "DistributedTask.EnhancedAnnotations": {
      "value": "true"
    },
    "DistributedTask.ForceGithubJavascriptActionsToNode16": {
      "value": "true"
    },
    "DistributedTask.ForceGithubJavascriptActionsToNode20": {
      "value": "true"
    },
    "DistributedTask.LogTemplateErrorsAsDebugMessages": {
      "value": "true"
    },
    "DistributedTask.MarkJobAsFailedOnWorkerCrash": {
      "value": "true"
    },
    "DistributedTask.NewActionMetadata": {
      "value": "true"
    },
    "DistributedTask.UploadStepSummary": {
      "value": "true"
    },
    "DistributedTask.UseActionArchiveCache": {
      "value": "true"
    },
    "DistributedTask.UseWhich2": {
      "value": "true"
    },
    "RunService.FixEmbeddedIssues": {
      "value": "true"
    },
    "actions.runner.requirenode24": {
      "value": "false"
    },
    "actions.runner.usenode24bydefault": {
      "value": "false"
    },
    "actions.runner.warnonnode20": {
      "value": "true"
    },
    "actions_add_check_run_id_to_job_context": {
      "value": "true"
    },
    "actions_batch_action_resolution": {
      "value": "false"
    },
    "actions_container_action_runner_temp": {
      "value": "true"
    },
    "actions_display_helpful_actions_download_errors": {
      "value": "true"
    },
    "actions_runner_compare_workflow_parser": {
      "value": "false"
    },
    "actions_runner_deprecate_linux_arm32": {
      "value": "false"
    },
    "actions_runner_emit_composite_markers": {
      "value": "false"
    },
    "actions_runner_kill_linux_arm32": {
      "value": "false"
    },
    "actions_runner_node20_removal_date": {
      "value": ""
    },
    "actions_runner_node24_default_date": {
      "value": "June 16th, 2026"
    },
    "actions_service_container_command": {
      "value": "true"
    },
    "actions_set_orchestration_id_env_for_actions": {
      "value": "true"
    },
    "actions_skip_retry_complete_job_upon_known_errors": {
      "value": "true"
    },
    "actions_snapshot_preflight_hosted_runner_check": {
      "value": "false"
    },
    "actions_snapshot_preflight_image_gen_pool_check": {
      "value": "false"
    },
    "actions_use_bearer_token_for_codeload": {
      "value": "false"
    },
    "actions_uses_cache_service_v2": {
      "value": "true"
    },
    "github_token": {
      "value": "***",
      "isSecret": true
    },
    "system.from_run_service": {
      "value": "true"
    },
    "system.github.job": {
      "value": "run-regression-tests"
    },
    "system.github.launch_endpoint": {
      "value": "https://launch.actions.githubusercontent.com"
    },
    "system.github.results_endpoint": {
      "value": "https://results-receiver.actions.githubusercontent.com/"
    },
    "system.github.results_upload_with_sdk": {
      "value": "true"
    },
    "system.github.token": {
      "value": "***",
      "isSecret": true
    },
    "system.github.token.permissions": {
      "value": "{\"Contents\":\"read\",\"Metadata\":\"read\",\"Packages\":\"read\"}"
    },
    "system.orchestrationId": {
      "value": "ba1315ed-e680-4683-b641-2fd5bd90bff4.run-regression-tests.__default"
    },
    "system.phaseDisplayName": {
      "value": "run-regression-tests"
    },
    "system.runner.lowdiskspacethreshold": {
      "value": "100"
    },
    "system.runnerEnvironment": {
      "value": "self-hosted"
    },
    "system.runnerGroupName": {
      "value": "Default"
    }
  },
  "messageType": "RunnerJobRequest",
  "plan": {
    "scopeIdentifier": "00000000-0000-0000-0000-000000000000",
    "planType": "actions",
    "version": 0,
    "planId": "ba1315ed-e680-4683-b641-2fd5bd90bff4",
    "planGroup": null,
    "artifactUri": null,
    "artifactLocation": null,
    "definition": null,
    "owner": null
  },
  "timeline": {
    "id": "ba1315ed-e680-4683-b641-2fd5bd90bff4",
    "changeId": 0,
    "location": null
  },
  "jobId": "54249894-3212-578e-a265-fe5f8b07f697",
  "jobDisplayName": "run-regression-tests",
  "jobName": "__default",
  "requestId": 0,
  "lockedUntil": "0001-01-01T00:00:00",
  "resources": {
    "endpoints": [
      {
        "data": {
          "ServerId": "",
          "ServerName": "",
          "CacheServerUrl": "https://artifactcache.actions.githubusercontent.com/nuE4o9r1grKiPPVMC9oNfDhREJbxg1rxN9EUm35iq1N1jZbRnp/",
          "FeedStreamUrl": "wss://results-receiver.actions.githubusercontent.com/_ws/ingest.sock",
          "ResultsServiceUrl": "https://results-receiver.actions.githubusercontent.com/",
          "PipelinesServiceUrl": "https://pipelinesghubeus26.actions.githubusercontent.com/nuE4o9r1grKiPPVMC9oNfDhREJbxg1rxN9EUm35iq1N1jZbRnp/",
          "GenerateIdTokenUrl": "",
          "ConnectivityChecks": "[\"https://broker.actions.githubusercontent.com/health\",\"https://token.actions.githubusercontent.com/ready\",\"https://run.actions.githubusercontent.com/health\"]"
        },
        "name": "SystemVssConnection",
        "url": "https://run-actions-2-azure-eastus.actions.githubusercontent.com/29/",
        "authorization": {
          "parameters": {
            "AccessToken": "***"
          },
          "scheme": "OAuth"
        },
        "isShared": false,
        "isReady": true
      }
    ]
  },
  "contextData": {
    "github": {
      "t": 2,
      "d": [
        {
          "k": "ref",
          "v": "refs/heads/main"
        },
        {
          "k": "sha",
          "v": "e0709bd888b93253a573a942f1f948ad7ec36d99"
        },
        {
          "k": "repository",
          "v": "MunChaeWon/unity-qa-automation-pipeline"
        },
        {
          "k": "repository_owner",
          "v": "MunChaeWon"
        },
        {
          "k": "repository_owner_id",
          "v": "85226429"
        },
        {
          "k": "repositoryUrl",
          "v": "git://github.com/MunChaeWon/unity-qa-automation-pipeline.git"
        },
        {
          "k": "run_id",
          "v": "26928960868"
        },
        {
          "k": "run_number",
          "v": "4"
        },
        {
          "k": "retention_days",
          "v": "90"
        },
        {
          "k": "run_attempt",
          "v": "2"
        },
        {
          "k": "artifact_cache_size_limit",
          "v": "10"
        },
        {
          "k": "repository_visibility",
          "v": "public"
        },
        {
          "k": "actor_id",
          "v": "85226429"
        },
        {
          "k": "actor",
          "v": "MunChaeWon"
        },
        {
          "k": "workflow",
          "v": "Unity QA Automation Regression Pipeline"
        },
        {
          "k": "head_ref",
          "v": ""
        },
        {
          "k": "base_ref",
          "v": ""
        },
        {
          "k": "event_name",
          "v": "push"
        },
        {
          "k": "server_url",
          "v": "https://github.com"
        },
        {
          "k": "api_url",
          "v": "https://api.github.com"
        },
        {
          "k": "graphql_url",
          "v": "https://api.github.com/graphql"
        },
        {
          "k": "ref_name",
          "v": "main"
        },
        {
          "k": "ref_protected",
          "v": false
        },
        {
          "k": "ref_type",
          "v": "branch"
        },
        {
          "k": "secret_source",
          "v": "Actions"
        },
        {
          "k": "event",
          "v": {
            "t": 2,
            "d": [
              {
                "k": "after",
                "v": "e0709bd888b93253a573a942f1f948ad7ec36d99"
              },
              {
                "k": "base_ref",
                "v": null
              },
              {
                "k": "before",
                "v": "51e8aea3e8f08c6067dbb0c45fff5d13780c14db"
              },
              {
                "k": "commits",
                "v": {
                  "t": 1,
                  "a": [
                    {
                      "t": 2,
                      "d": [
                        {
                          "k": "author",
                          "v": {
                            "t": 2,
                            "d": [
                              {
                                "k": "email",
                                "v": "kiho5044@gmail.com"
                              },
                              {
                                "k": "name",
                                "v": "MunChaeWon"
                              },
                              {
                                "k": "username",
                                "v": "MunChaeWon"
                              }
                            ]
                          }
                        },
                        {
                          "k": "committer",
                          "v": {
                            "t": 2,
                            "d": [
                              {
                                "k": "email",
                                "v": "kiho5044@gmail.com"
                              },
                              {
                                "k": "name",
                                "v": "MunChaeWon"
                              },
                              {
                                "k": "username",
                                "v": "MunChaeWon"
                              }
                            ]
                          }
                        },
                        {
                          "k": "distinct",
                          "v": true
                        },
                        {
                          "k": "id",
                          "v": "e0709bd888b93253a573a942f1f948ad7ec36d99"
                        },
                        {
                          "k": "message",
                          "v": "Fix: Node24 경고 잠재우기 및 배치 호출 고도화"
                        },
                        {
                          "k": "timestamp",
                          "v": "2026-06-04T12:39:19+09:00"
                        },
                        {
                          "k": "tree_id",
                          "v": "c6584d3b7a1457a6763a509fb9f3649c070ea3a3"
                        },
                        {
                          "k": "url",
                          "v": "https://github.com/MunChaeWon/unity-qa-automation-pipeline/commit/e0709bd888b93253a573a942f1f948ad7ec36d99"
                        }
                      ]
                    }
                  ]
                }
              },
              {
                "k": "compare",
                "v": "https://github.com/MunChaeWon/unity-qa-automation-pipeline/compare/51e8aea3e8f0...e0709bd888b9"
              },
              {
                "k": "created",
                "v": false
              },
              {
                "k": "deleted",
                "v": false
              },
              {
                "k": "forced",
                "v": false
              },
              {
                "k": "head_commit",
                "v": {
                  "t": 2,
                  "d": [
                    {
                      "k": "author",
                      "v": {
                        "t": 2,
                        "d": [
                          {
                            "k": "email",
                            "v": "kiho5044@gmail.com"
                          },
                          {
                            "k": "name",
                            "v": "MunChaeWon"
                          },
                          {
                            "k": "username",
                            "v": "MunChaeWon"
                          }
                        ]
                      }
                    },
                    {
                      "k": "committer",
                      "v": {
                        "t": 2,
                        "d": [
                          {
                            "k": "email",
                            "v": "kiho5044@gmail.com"
                          },
                          {
                            "k": "name",
                            "v": "MunChaeWon"
                          },
                          {
                            "k": "username",
                            "v": "MunChaeWon"
                          }
                        ]
                      }
                    },
                    {
                      "k": "distinct",
                      "v": true
                    },
                    {
                      "k": "id",
                      "v": "e0709bd888b93253a573a942f1f948ad7ec36d99"
                    },
                    {
                      "k": "message",
                      "v": "Fix: Node24 경고 잠재우기 및 배치 호출 고도화"
                    },
                    {
                      "k": "timestamp",
                      "v": "2026-06-04T12:39:19+09:00"
                    },
                    {
                      "k": "tree_id",
                      "v": "c6584d3b7a1457a6763a509fb9f3649c070ea3a3"
                    },
                    {
                      "k": "url",
                      "v": "https://github.com/MunChaeWon/unity-qa-automation-pipeline/commit/e0709bd888b93253a573a942f1f948ad7ec36d99"
                    }
                  ]
                }
              },
              {
                "k": "pusher",
                "v": {
                  "t": 2,
                  "d": [
                    {
                      "k": "email",
                      "v": "85226429+MunChaeWon@users.noreply.github.com"
                    },
                    {
                      "k": "name",
                      "v": "MunChaeWon"
                    }
                  ]
                }
              },
              {
                "k": "ref",
                "v": "refs/heads/main"
              },
              {
                "k": "repository",
                "v": {
                  "t": 2,
                  "d": [
                    {
                      "k": "allow_forking",
                      "v": true
                    },
                    {
                      "k": "archive_url",
                      "v": "https://api.github.com/repos/MunChaeWon/unity-qa-automation-pipeline/{archive_format}{/ref}"
                    },
                    {
                      "k": "archived",
                      "v": false
                    },
                    {
                      "k": "assignees_url",
                      "v": "https://api.github.com/repos/MunChaeWon/unity-qa-automation-pipeline/assignees{/user}"
                    },
                    {
                      "k": "blobs_url",
                      "v": "https://api.github.com/repos/MunChaeWon/unity-qa-automation-pipeline/git/blobs{/sha}"
                    },
                    {
                      "k": "branches_url",
                      "v": "https://api.github.com/repos/MunChaeWon/unity-qa-automation-pipeline/branches{/branch}"
                    },
                    {
                      "k": "clone_url",
                      "v": "https://github.com/MunChaeWon/unity-qa-automation-pipeline.git"
                    },
                    {
                      "k": "collaborators_url",
                      "v": "https://api.github.com/repos/MunChaeWon/unity-qa-automation-pipeline/collaborators{/collaborator}"
                    },
                    {
                      "k": "comments_url",
                      "v": "https://api.github.com/repos/MunChaeWon/unity-qa-automation-pipeline/comments{/number}"
                    },
                    {
                      "k": "commits_url",
                      "v": "https://api.github.com/repos/MunChaeWon/unity-qa-automation-pipeline/commits{/sha}"
                    },
                    {
                      "k": "compare_url",
                      "v": "https://api.github.com/repos/MunChaeWon/unity-qa-automation-pipeline/compare/{base}...{head}"
                    },
                    {
                      "k": "contents_url",
                      "v": "https://api.github.com/repos/MunChaeWon/unity-qa-automation-pipeline/contents/{+path}"
                    },
                    {
                      "k": "contributors_url",
                      "v": "https://api.github.com/repos/MunChaeWon/unity-qa-automation-pipeline/contributors"
                    },
                    {
                      "k": "created_at",
                      "v": 1779160734.0
                    },
                    {
                      "k": "default_branch",
                      "v": "main"
                    },
                    {
                      "k": "deployments_url",
                      "v": "https://api.github.com/repos/MunChaeWon/unity-qa-automation-pipeline/deployments"
                    },
                    {
                      "k": "description",
                      "v": null
                    },
                    {
                      "k": "disabled",
                      "v": false
                    },
                    {
                      "k": "downloads_url",
                      "v": "https://api.github.com/repos/MunChaeWon/unity-qa-automation-pipeline/downloads"
                    },
                    {
                      "k": "events_url",
                      "v": "https://api.github.com/repos/MunChaeWon/unity-qa-automation-pipeline/events"
                    },
                    {
                      "k": "fork",
                      "v": false
                    },
                    {
                      "k": "forks",
                      "v": 0.0
                    },
                    {
                      "k": "forks_count",
                      "v": 0.0
                    },
                    {
                      "k": "forks_url",
                      "v": "https://api.github.com/repos/MunChaeWon/unity-qa-automation-pipeline/forks"
                    },
                    {
                      "k": "full_name",
                      "v": "MunChaeWon/unity-qa-automation-pipeline"
                    },
                    {
                      "k": "git_commits_url",
                      "v": "https://api.github.com/repos/MunChaeWon/unity-qa-automation-pipeline/git/commits{/sha}"
                    },
                    {
                      "k": "git_refs_url",
                      "v": "https://api.github.com/repos/MunChaeWon/unity-qa-automation-pipeline/git/refs{/sha}"
                    },
                    {
                      "k": "git_tags_url",
                      "v": "https://api.github.com/repos/MunChaeWon/unity-qa-automation-pipeline/git/tags{/sha}"
                    },
                    {
                      "k": "git_url",
                      "v": "git://github.com/MunChaeWon/unity-qa-automation-pipeline.git"
                    },
                    {
                      "k": "has_discussions",
                      "v": false
                    },
                    {
                      "k": "has_downloads",
                      "v": true
                    },
                    {
                      "k": "has_issues",
                      "v": true
                    },
                    {
                      "k": "has_pages",
                      "v": false
                    },
                    {
                      "k": "has_projects",
                      "v": true
                    },
                    {
                      "k": "has_pull_requests",
                      "v": true
                    },
                    {
                      "k": "has_wiki",
                      "v": true
                    },
                    {
                      "k": "homepage",
                      "v": null
                    },
                    {
                      "k": "hooks_url",
                      "v": "https://api.github.com/repos/MunChaeWon/unity-qa-automation-pipeline/hooks"
                    },
                    {
                      "k": "html_url",
                      "v": "https://github.com/MunChaeWon/unity-qa-automation-pipeline"
                    },
                    {
                      "k": "id",
                      "v": 1243086806.0
                    },
                    {
                      "k": "is_template",
                      "v": false
                    },
                    {
                      "k": "issue_comment_url",
                      "v": "https://api.github.com/repos/MunChaeWon/unity-qa-automation-pipeline/issues/comments{/number}"
                    },
                    {
                      "k": "issue_events_url",
                      "v": "https://api.github.com/repos/MunChaeWon/unity-qa-automation-pipeline/issues/events{/number}"
                    },
                    {
                      "k": "issues_url",
                      "v": "https://api.github.com/repos/MunChaeWon/unity-qa-automation-pipeline/issues{/number}"
                    },
                    {
                      "k": "keys_url",
                      "v": "https://api.github.com/repos/MunChaeWon/unity-qa-automation-pipeline/keys{/key_id}"
                    },
                    {
                      "k": "labels_url",
                      "v": "https://api.github.com/repos/MunChaeWon/unity-qa-automation-pipeline/labels{/name}"
                    },
                    {
                      "k": "language",
                      "v": "JavaScript"
                    },
                    {
                      "k": "languages_url",
                      "v": "https://api.github.com/repos/MunChaeWon/unity-qa-automation-pipeline/languages"
                    },
                    {
                      "k": "license",
                      "v": null
                    },
                    {
                      "k": "master_branch",
                      "v": "main"
                    },
                    {
                      "k": "merges_url",
                      "v": "https://api.github.com/repos/MunChaeWon/unity-qa-automation-pipeline/merges"
                    },
                    {
                      "k": "milestones_url",
                      "v": "https://api.github.com/repos/MunChaeWon/unity-qa-automation-pipeline/milestones{/number}"
                    },
                    {
                      "k": "mirror_url",
                      "v": null
                    },
                    {
                      "k": "name",
                      "v": "unity-qa-automation-pipeline"
                    },
                    {
                      "k": "node_id",
                      "v": "R_kgDOShf_1g"
                    },
                    {
                      "k": "notifications_url",
                      "v": "https://api.github.com/repos/MunChaeWon/unity-qa-automation-pipeline/notifications{?since,all,participating}"
                    },
                    {
                      "k": "open_issues",
                      "v": 0.0
                    },
                    {
                      "k": "open_issues_count",
                      "v": 0.0
                    },
                    {
                      "k": "owner",
                      "v": {
                        "t": 2,
                        "d": [
                          {
                            "k": "avatar_url",
                            "v": "https://avatars.githubusercontent.com/u/85226429?v=4"
                          },
                          {
                            "k": "email",
                            "v": "85226429+MunChaeWon@users.noreply.github.com"
                          },
                          {
                            "k": "events_url",
                            "v": "https://api.github.com/users/MunChaeWon/events{/privacy}"
                          },
                          {
                            "k": "followers_url",
                            "v": "https://api.github.com/users/MunChaeWon/followers"
                          },
                          {
                            "k": "following_url",
                            "v": "https://api.github.com/users/MunChaeWon/following{/other_user}"
                          },
                          {
                            "k": "gists_url",
                            "v": "https://api.github.com/users/MunChaeWon/gists{/gist_id}"
                          },
                          {
                            "k": "gravatar_id",
                            "v": ""
                          },
                          {
                            "k": "html_url",
                            "v": "https://github.com/MunChaeWon"
                          },
                          {
                            "k": "id",
                            "v": 85226429.0
                          },
                          {
                            "k": "login",
                            "v": "MunChaeWon"
                          },
                          {
                            "k": "name",
                            "v": "MunChaeWon"
                          },
                          {
                            "k": "node_id",
                            "v": "MDQ6VXNlcjg1MjI2NDI5"
                          },
                          {
                            "k": "organizations_url",
                            "v": "https://api.github.com/users/MunChaeWon/orgs"
                          },
                          {
                            "k": "received_events_url",
                            "v": "https://api.github.com/users/MunChaeWon/received_events"
                          },
                          {
                            "k": "repos_url",
                            "v": "https://api.github.com/users/MunChaeWon/repos"
                          },
                          {
                            "k": "site_admin",
                            "v": false
                          },
                          {
                            "k": "starred_url",
                            "v": "https://api.github.com/users/MunChaeWon/starred{/owner}{/repo}"
                          },
                          {
                            "k": "subscriptions_url",
                            "v": "https://api.github.com/users/MunChaeWon/subscriptions"
                          },
                          {
                            "k": "type",
                            "v": "User"
                          },
                          {
                            "k": "url",
                            "v": "https://api.github.com/users/MunChaeWon"
                          },
                          {
                            "k": "user_view_type",
                            "v": "public"
                          }
                        ]
                      }
                    },
                    {
                      "k": "private",
                      "v": false
                    },
                    {
                      "k": "pull_request_creation_policy",
                      "v": "all"
                    },
                    {
                      "k": "pulls_url",
                      "v": "https://api.github.com/repos/MunChaeWon/unity-qa-automation-pipeline/pulls{/number}"
                    },
                    {
                      "k": "pushed_at",
                      "v": 1780544369.0
                    },
                    {
                      "k": "releases_url",
                      "v": "https://api.github.com/repos/MunChaeWon/unity-qa-automation-pipeline/releases{/id}"
                    },
                    {
                      "k": "size",
                      "v": 25730.0
                    },
                    {
                      "k": "ssh_url",
                      "v": "git@github.com:MunChaeWon/unity-qa-automation-pipeline.git"
                    },
                    {
                      "k": "stargazers",
                      "v": 0.0
                    },
                    {
                      "k": "stargazers_count",
                      "v": 0.0
                    },
                    {
                      "k": "stargazers_url",
                      "v": "https://api.github.com/repos/MunChaeWon/unity-qa-automation-pipeline/stargazers"
                    },
                    {
                      "k": "statuses_url",
                      "v": "https://api.github.com/repos/MunChaeWon/unity-qa-automation-pipeline/statuses/{sha}"
                    },
                    {
                      "k": "subscribers_url",
                      "v": "https://api.github.com/repos/MunChaeWon/unity-qa-automation-pipeline/subscribers"
                    },
                    {
                      "k": "subscription_url",
                      "v": "https://api.github.com/repos/MunChaeWon/unity-qa-automation-pipeline/subscription"
                    },
                    {
                      "k": "svn_url",
                      "v": "https://github.com/MunChaeWon/unity-qa-automation-pipeline"
                    },
                    {
                      "k": "tags_url",
                      "v": "https://api.github.com/repos/MunChaeWon/unity-qa-automation-pipeline/tags"
                    },
                    {
                      "k": "teams_url",
                      "v": "https://api.github.com/repos/MunChaeWon/unity-qa-automation-pipeline/teams"
                    },
                    {
                      "k": "topics",
                      "v": {
                        "t": 1
                      }
                    },
                    {
                      "k": "trees_url",
                      "v": "https://api.github.com/repos/MunChaeWon/unity-qa-automation-pipeline/git/trees{/sha}"
                    },
                    {
                      "k": "updated_at",
                      "v": "2026-06-04T03:34:19Z"
                    },
                    {
                      "k": "url",
                      "v": "https://api.github.com/repos/MunChaeWon/unity-qa-automation-pipeline"
                    },
                    {
                      "k": "visibility",
                      "v": "public"
                    },
                    {
                      "k": "watchers",
                      "v": 0.0
                    },
                    {
                      "k": "watchers_count",
                      "v": 0.0
                    },
                    {
                      "k": "web_commit_signoff_required",
                      "v": false
                    }
                  ]
                }
              },
              {
                "k": "sender",
                "v": {
                  "t": 2,
                  "d": [
                    {
                      "k": "avatar_url",
                      "v": "https://avatars.githubusercontent.com/u/85226429?v=4"
                    },
                    {
                      "k": "events_url",
                      "v": "https://api.github.com/users/MunChaeWon/events{/privacy}"
                    },
                    {
                      "k": "followers_url",
                      "v": "https://api.github.com/users/MunChaeWon/followers"
                    },
                    {
                      "k": "following_url",
                      "v": "https://api.github.com/users/MunChaeWon/following{/other_user}"
                    },
                    {
                      "k": "gists_url",
                      "v": "https://api.github.com/users/MunChaeWon/gists{/gist_id}"
                    },
                    {
                      "k": "gravatar_id",
                      "v": ""
                    },
                    {
                      "k": "html_url",
                      "v": "https://github.com/MunChaeWon"
                    },
                    {
                      "k": "id",
                      "v": 85226429.0
                    },
                    {
                      "k": "login",
                      "v": "MunChaeWon"
                    },
                    {
                      "k": "node_id",
                      "v": "MDQ6VXNlcjg1MjI2NDI5"
                    },
                    {
                      "k": "organizations_url",
                      "v": "https://api.github.com/users/MunChaeWon/orgs"
                    },
                    {
                      "k": "received_events_url",
                      "v": "https://api.github.com/users/MunChaeWon/received_events"
                    },
                    {
                      "k": "repos_url",
                      "v": "https://api.github.com/users/MunChaeWon/repos"
                    },
                    {
                      "k": "site_admin",
                      "v": false
                    },
                    {
                      "k": "starred_url",
                      "v": "https://api.github.com/users/MunChaeWon/starred{/owner}{/repo}"
                    },
                    {
                      "k": "subscriptions_url",
                      "v": "https://api.github.com/users/MunChaeWon/subscriptions"
                    },
                    {
                      "k": "type",
                      "v": "User"
                    },
                    {
                      "k": "url",
                      "v": "https://api.github.com/users/MunChaeWon"
                    },
                    {
                      "k": "user_view_type",
                      "v": "public"
                    }
                  ]
                }
              }
            ]
          }
        },
        {
          "k": "workflow_ref",
          "v": "MunChaeWon/unity-qa-automation-pipeline/.github/workflows/unity-regression.yml@refs/heads/main"
        },
        {
          "k": "workflow_sha",
          "v": "e0709bd888b93253a573a942f1f948ad7ec36d99"
        },
        {
          "k": "repository_id",
          "v": "1243086806"
        },
        {
          "k": "triggering_actor",
          "v": "MunChaeWon"
        }
      ]
    },
    "inputs": {
      "t": 2
    },
    "job": {
      "t": 2,
      "d": [
        {
          "k": "check_run_id",
          "v": 79445246693.0
        },
        {
          "k": "workflow_ref",
          "v": "MunChaeWon/unity-qa-automation-pipeline/.github/workflows/unity-regression.yml@refs/heads/main"
        },
        {
          "k": "workflow_sha",
          "v": "e0709bd888b93253a573a942f1f948ad7ec36d99"
        },
        {
          "k": "workflow_repository",
          "v": "MunChaeWon/unity-qa-automation-pipeline"
        },
        {
          "k": "workflow_file_path",
          "v": ".github/workflows/unity-regression.yml"
        }
      ]
    },
    "matrix": null,
    "needs": {
      "t": 2
    },
    "strategy": {
      "t": 2,
      "d": [
        {
          "k": "fail-fast",
          "v": true
        },
        {
          "k": "job-index",
          "v": 0.0
        },
        {
          "k": "job-total",
          "v": 1.0
        },
        {
          "k": "max-parallel",
          "v": 1.0
        }
      ]
    },
    "vars": {
      "t": 2
    }
  },
  "billingOwnerId": "U_kgDOBRRzvQ"
}
[2026-06-04 03:44:50Z INFO JobRunner] Job ID 54249894-3212-578e-a265-fe5f8b07f697
[2026-06-04 03:44:50Z INFO ConfigurationStore] currentAssemblyLocation: D:\funity\Test1\actions-runner\bin\Runner.Worker.dll
[2026-06-04 03:44:50Z INFO HostContext] Well known directory 'Bin': 'D:\funity\Test1\actions-runner\bin'
[2026-06-04 03:44:50Z INFO ConfigurationStore] binPath: D:\funity\Test1\actions-runner\bin
[2026-06-04 03:44:50Z INFO HostContext] Well known directory 'Bin': 'D:\funity\Test1\actions-runner\bin'
[2026-06-04 03:44:50Z INFO HostContext] Well known directory 'Root': 'D:\funity\Test1\actions-runner'
[2026-06-04 03:44:50Z INFO ConfigurationStore] RootFolder: D:\funity\Test1\actions-runner
[2026-06-04 03:44:50Z INFO HostContext] Well known directory 'Bin': 'D:\funity\Test1\actions-runner\bin'
[2026-06-04 03:44:50Z INFO HostContext] Well known directory 'Root': 'D:\funity\Test1\actions-runner'
[2026-06-04 03:44:50Z INFO HostContext] Well known config file 'Runner': 'D:\funity\Test1\actions-runner\.runner'
[2026-06-04 03:44:50Z INFO ConfigurationStore] ConfigFilePath: D:\funity\Test1\actions-runner\.runner
[2026-06-04 03:44:50Z INFO HostContext] Well known directory 'Bin': 'D:\funity\Test1\actions-runner\bin'
[2026-06-04 03:44:50Z INFO HostContext] Well known directory 'Root': 'D:\funity\Test1\actions-runner'
[2026-06-04 03:44:50Z INFO HostContext] Well known config file 'MigratedRunner': 'D:\funity\Test1\actions-runner\.runner_migrated'
[2026-06-04 03:44:50Z INFO ConfigurationStore] MigratedConfigFilePath: D:\funity\Test1\actions-runner\.runner_migrated
[2026-06-04 03:44:50Z INFO HostContext] Well known directory 'Bin': 'D:\funity\Test1\actions-runner\bin'
[2026-06-04 03:44:50Z INFO HostContext] Well known directory 'Root': 'D:\funity\Test1\actions-runner'
[2026-06-04 03:44:50Z INFO HostContext] Well known config file 'Credentials': 'D:\funity\Test1\actions-runner\.credentials'
[2026-06-04 03:44:50Z INFO ConfigurationStore] CredFilePath: D:\funity\Test1\actions-runner\.credentials
[2026-06-04 03:44:50Z INFO HostContext] Well known directory 'Bin': 'D:\funity\Test1\actions-runner\bin'
[2026-06-04 03:44:50Z INFO HostContext] Well known directory 'Root': 'D:\funity\Test1\actions-runner'
[2026-06-04 03:44:50Z INFO HostContext] Well known config file 'MigratedCredentials': 'D:\funity\Test1\actions-runner\.credentials_migrated'
[2026-06-04 03:44:50Z INFO ConfigurationStore] MigratedCredFilePath: D:\funity\Test1\actions-runner\.credentials_migrated
[2026-06-04 03:44:50Z INFO HostContext] Well known directory 'Bin': 'D:\funity\Test1\actions-runner\bin'
[2026-06-04 03:44:50Z INFO HostContext] Well known directory 'Root': 'D:\funity\Test1\actions-runner'
[2026-06-04 03:44:50Z INFO HostContext] Well known config file 'Service': 'D:\funity\Test1\actions-runner\.service'
[2026-06-04 03:44:50Z INFO ConfigurationStore] ServiceConfigFilePath: D:\funity\Test1\actions-runner\.service
[2026-06-04 03:44:50Z INFO ConfigurationStore] Read setting file: 418 chars
[2026-06-04 03:44:50Z INFO JobRunner] Initializing launch client
[2026-06-04 03:44:50Z INFO JobServerQueue] Initializing results client
[2026-06-04 03:44:50Z INFO ResultServer] Creating websocket client ...wss://results-receiver.actions.githubusercontent.com/_ws/ingest.sock
[2026-06-04 03:44:50Z INFO ResultServer] Attempting to start websocket client with delay 00:00:00.
[2026-06-04 03:44:50Z INFO JobServerQueue] Start process web console line queue.
[2026-06-04 03:44:50Z INFO JobServerQueue] Start process file upload queue.
[2026-06-04 03:44:50Z INFO JobServerQueue] Start results file upload queue.
[2026-06-04 03:44:50Z INFO JobServerQueue] Starting results-based upload queue...
[2026-06-04 03:44:50Z INFO JobServerQueue] Start process timeline update queue.
[2026-06-04 03:44:50Z INFO ExecutionContext] Initializing Job context
[2026-06-04 03:44:50Z INFO ExecutionContext] Initialize GitHub context
[2026-06-04 03:44:50Z INFO ExecutionContext] Initialize Env context
[2026-06-04 03:44:50Z INFO HostContext] Well known directory 'Bin': 'D:\funity\Test1\actions-runner\bin'
[2026-06-04 03:44:50Z INFO HostContext] Well known directory 'Root': 'D:\funity\Test1\actions-runner'
[2026-06-04 03:44:50Z INFO HostContext] Well known directory 'Diag': 'D:\funity\Test1\actions-runner\_diag'
[2026-06-04 03:44:50Z INFO HostContext] Well known directory 'Bin': 'D:\funity\Test1\actions-runner\bin'
[2026-06-04 03:44:50Z INFO HostContext] Well known directory 'Root': 'D:\funity\Test1\actions-runner'
[2026-06-04 03:44:50Z INFO HostContext] Well known directory 'Diag': 'D:\funity\Test1\actions-runner\_diag'
[2026-06-04 03:44:50Z INFO JobRunner] Starting the job execution context.
[2026-06-04 03:44:50Z INFO HostContext] Well known directory 'Bin': 'D:\funity\Test1\actions-runner\bin'
[2026-06-04 03:44:50Z INFO HostContext] Well known directory 'Root': 'D:\funity\Test1\actions-runner'
[2026-06-04 03:44:50Z INFO HostContext] Well known directory 'Work': 'D:\funity\Test1\actions-runner\_work'
[2026-06-04 03:44:50Z INFO JobRunner] Validating directory permissions for: 'D:\funity\Test1\actions-runner\_work'
[2026-06-04 03:44:50Z INFO HostContext] Well known directory 'Bin': 'D:\funity\Test1\actions-runner\bin'
[2026-06-04 03:44:50Z INFO HostContext] Well known directory 'Root': 'D:\funity\Test1\actions-runner'
[2026-06-04 03:44:50Z INFO HostContext] Well known directory 'Work': 'D:\funity\Test1\actions-runner\_work'
[2026-06-04 03:44:50Z INFO HostContext] Well known directory 'Tools': 'D:\funity\Test1\actions-runner\_work\_tool'
[2026-06-04 03:44:50Z INFO HostContext] Well known directory 'Bin': 'D:\funity\Test1\actions-runner\bin'
[2026-06-04 03:44:50Z INFO HostContext] Well known directory 'Root': 'D:\funity\Test1\actions-runner'
[2026-06-04 03:44:50Z INFO HostContext] Well known directory 'Work': 'D:\funity\Test1\actions-runner\_work'
[2026-06-04 03:44:50Z INFO HostContext] Well known directory 'Temp': 'D:\funity\Test1\actions-runner\_work\_temp'
[2026-06-04 03:44:50Z INFO JobRunner] Getting job extension.
[2026-06-04 03:44:50Z INFO JobRunner] Initialize job. Getting all job steps.
[2026-06-04 03:44:50Z INFO HostContext] Well known directory 'Bin': 'D:\funity\Test1\actions-runner\bin'
[2026-06-04 03:44:50Z INFO HostContext] Well known directory 'Root': 'D:\funity\Test1\actions-runner'
[2026-06-04 03:44:50Z INFO HostContext] Well known directory 'Diag': 'D:\funity\Test1\actions-runner\_diag'
[2026-06-04 03:44:50Z INFO HostContext] Well known directory 'Bin': 'D:\funity\Test1\actions-runner\bin'
[2026-06-04 03:44:50Z INFO HostContext] Well known directory 'Root': 'D:\funity\Test1\actions-runner'
[2026-06-04 03:44:50Z INFO HostContext] Well known directory 'Diag': 'D:\funity\Test1\actions-runner\_diag'
[2026-06-04 03:44:50Z INFO HostContext] Well known directory 'Bin': 'D:\funity\Test1\actions-runner\bin'
[2026-06-04 03:44:50Z INFO HostContext] Well known directory 'Root': 'D:\funity\Test1\actions-runner'
[2026-06-04 03:44:50Z INFO HostContext] Well known config file 'Credentials': 'D:\funity\Test1\actions-runner\.credentials'
[2026-06-04 03:44:50Z INFO HostContext] Well known directory 'Bin': 'D:\funity\Test1\actions-runner\bin'
[2026-06-04 03:44:50Z INFO HostContext] Well known directory 'Root': 'D:\funity\Test1\actions-runner'
[2026-06-04 03:44:50Z INFO HostContext] Well known config file 'SetupInfo': 'D:\funity\Test1\actions-runner\.setup_info'
[2026-06-04 03:44:50Z INFO HostContext] Well known directory 'Bin': 'D:\funity\Test1\actions-runner\bin'
[2026-06-04 03:44:50Z INFO HostContext] Well known directory 'Root': 'D:\funity\Test1\actions-runner'
[2026-06-04 03:44:50Z INFO HostContext] Well known directory 'Work': 'D:\funity\Test1\actions-runner\_work'
[2026-06-04 03:44:50Z INFO PipelineDirectoryManager] Loading tracking config if exists: D:\funity\Test1\actions-runner\_work\_PipelineMapping\MunChaeWon/unity-qa-automation-pipeline\PipelineFolder.json
[2026-06-04 03:44:50Z INFO PipelineDirectoryManager] Updating job run properties.
[2026-06-04 03:44:50Z INFO HostContext] Well known directory 'Bin': 'D:\funity\Test1\actions-runner\bin'
[2026-06-04 03:44:50Z INFO HostContext] Well known directory 'Root': 'D:\funity\Test1\actions-runner'
[2026-06-04 03:44:50Z INFO HostContext] Well known directory 'Work': 'D:\funity\Test1\actions-runner\_work'
[2026-06-04 03:44:50Z INFO HostContext] Well known directory 'Bin': 'D:\funity\Test1\actions-runner\bin'
[2026-06-04 03:44:50Z INFO HostContext] Well known directory 'Root': 'D:\funity\Test1\actions-runner'
[2026-06-04 03:44:50Z INFO HostContext] Well known directory 'Work': 'D:\funity\Test1\actions-runner\_work'
[2026-06-04 03:44:50Z INFO HostContext] Well known directory 'Bin': 'D:\funity\Test1\actions-runner\bin'
[2026-06-04 03:44:50Z INFO HostContext] Well known directory 'Root': 'D:\funity\Test1\actions-runner'
[2026-06-04 03:44:50Z INFO HostContext] Well known directory 'Work': 'D:\funity\Test1\actions-runner\_work'
[2026-06-04 03:44:50Z INFO JobExtension] Downloading actions
[2026-06-04 03:44:50Z INFO HostContext] Well known directory 'Bin': 'D:\funity\Test1\actions-runner\bin'
[2026-06-04 03:44:50Z INFO HostContext] Well known directory 'Root': 'D:\funity\Test1\actions-runner'
[2026-06-04 03:44:50Z INFO HostContext] Well known directory 'Work': 'D:\funity\Test1\actions-runner\_work'
[2026-06-04 03:44:50Z INFO HostContext] Well known directory 'Actions': 'D:\funity\Test1\actions-runner\_work\_actions'
[2026-06-04 03:44:50Z INFO Worker] Listening for cancel message from the channel.
[2026-06-04 03:44:50Z INFO Worker] Waiting for the job to complete or for a cancel message from the channel.
[2026-06-04 03:44:50Z INFO ResultServer] Successfully started websocket client.
[2026-06-04 03:44:50Z INFO JobServerQueue] Try to append 1 batches web console lines for record '730019dc-bbdf-4a7f-96c1-b768a6dc39a5', success rate: 1/1.
[2026-06-04 03:44:51Z INFO HostContext] Well known directory 'Bin': 'D:\funity\Test1\actions-runner\bin'
[2026-06-04 03:44:51Z INFO HostContext] Well known directory 'Root': 'D:\funity\Test1\actions-runner'
[2026-06-04 03:44:51Z INFO HostContext] Well known directory 'Work': 'D:\funity\Test1\actions-runner\_work'
[2026-06-04 03:44:51Z INFO HostContext] Well known directory 'Actions': 'D:\funity\Test1\actions-runner\_work\_actions'
[2026-06-04 03:44:51Z INFO HostContext] Well known directory 'Bin': 'D:\funity\Test1\actions-runner\bin'
[2026-06-04 03:44:51Z INFO HostContext] Well known directory 'Root': 'D:\funity\Test1\actions-runner'
[2026-06-04 03:44:51Z INFO HostContext] Well known directory 'Work': 'D:\funity\Test1\actions-runner\_work'
[2026-06-04 03:44:51Z INFO HostContext] Well known directory 'Actions': 'D:\funity\Test1\actions-runner\_work\_actions'
[2026-06-04 03:44:51Z INFO ActionManager] Save archive 'https://codeload.github.com/actions/checkout/zip/34e114876b0b11c390a56381ad16ebd13914f8d5' into D:\funity\Test1\actions-runner\_work\_actions\_temp_c04ae629-346c-4dec-965f-3b812e3a807a\65bdf8a4-d809-408f-a458-b2d58e1fd007.zip.
[2026-06-04 03:44:51Z INFO ActionManager] Using Basic token for action archive download.
[2026-06-04 03:44:51Z INFO JobServerQueue] Job timeline record has been updated for the first time.
[2026-06-04 03:44:51Z INFO JobServerQueue] Try to append 1 batches web console lines for record '730019dc-bbdf-4a7f-96c1-b768a6dc39a5', success rate: 1/1.
[2026-06-04 03:44:51Z INFO ActionManager] Request URL: https://codeload.github.com/actions/checkout/zip/34e114876b0b11c390a56381ad16ebd13914f8d5 X-GitHub-Request-Id: DDDB:8EE9D:7E971:50B532:6A20F4B4 Http Status: OK
[2026-06-04 03:44:51Z INFO ActionManager] Finished getting action repository.
[2026-06-04 03:44:51Z INFO HostContext] Well known directory 'Bin': 'D:\funity\Test1\actions-runner\bin'
[2026-06-04 03:44:51Z INFO HostContext] Well known directory 'Root': 'D:\funity\Test1\actions-runner'
[2026-06-04 03:44:51Z INFO HostContext] Well known directory 'Work': 'D:\funity\Test1\actions-runner\_work'
[2026-06-04 03:44:51Z INFO HostContext] Well known directory 'Actions': 'D:\funity\Test1\actions-runner\_work\_actions'
[2026-06-04 03:44:51Z INFO ActionManifestManagerLegacy] Load schema file with definitions: [
  "null",
  "boolean",
  "number",
  "string",
  "sequence",
  "mapping",
  "any",
  "action-root",
  "inputs",
  "input",
  "outputs",
  "output-definition",
  "runs",
  "container-runs",
  "container-runs-args",
  "container-runs-env",
  "node-runs",
  "plugin-runs",
  "composite-runs",
  "composite-steps",
  "composite-step",
  "run-step",
  "uses-step",
  "container-runs-context",
  "output-value",
  "input-default-context",
  "non-empty-string",
  "string-steps-context",
  "boolean-steps-context",
  "step-env",
  "step-if",
  "step-with"
]
[2026-06-04 03:44:51Z INFO ActionManifestManager] Load schema file with definitions: [
  "null",
  "boolean",
  "number",
  "string",
  "sequence",
  "mapping",
  "any",
  "action-root",
  "inputs",
  "input",
  "outputs",
  "output-definition",
  "runs",
  "container-runs",
  "container-runs-args",
  "container-runs-env",
  "node-runs",
  "plugin-runs",
  "composite-runs",
  "composite-steps",
  "composite-step",
  "run-step",
  "uses-step",
  "container-runs-context",
  "output-value",
  "input-default-context",
  "non-empty-string",
  "string-steps-context",
  "boolean-steps-context",
  "step-env",
  "step-if",
  "step-with"
]
[2026-06-04 03:44:51Z INFO HostContext] Well known directory 'Bin': 'D:\funity\Test1\actions-runner\bin'
[2026-06-04 03:44:51Z INFO HostContext] Well known directory 'Root': 'D:\funity\Test1\actions-runner'
[2026-06-04 03:44:51Z INFO HostContext] Well known directory 'Work': 'D:\funity\Test1\actions-runner\_work'
[2026-06-04 03:44:51Z INFO HostContext] Well known directory 'Actions': 'D:\funity\Test1\actions-runner\_work\_actions'
[2026-06-04 03:44:51Z INFO ActionManifestManagerLegacy] Loaded action.yml file: {
  "name": "Checkout",
  "description": "Checkout a Git repository at a particular version",
  "inputs": {
    "type": 2,
    "map": [
      {
        "key": {
          "type": 0,
          "file": 2,
          "line": 4,
          "col": 3,
          "lit": "repository"
        },
        "value": {
          "type": 3,
          "file": 2,
          "line": 6,
          "col": 14,
          "expr": "github.repository"
        }
      },
      {
        "key": {
          "type": 0,
          "file": 2,
          "line": 7,
          "col": 3,
          "lit": "ref"
        },
        "value": ""
      },
      {
        "key": {
          "type": 0,
          "file": 2,
          "line": 12,
          "col": 3,
          "lit": "token"
        },
        "value": {
          "type": 3,
          "file": 2,
          "line": 24,
          "col": 14,
          "expr": "github.token"
        }
      },
      {
        "key": {
          "type": 0,
          "file": 2,
          "line": 25,
          "col": 3,
          "lit": "ssh-key"
        },
        "value": ""
      },
      {
        "key": {
          "type": 0,
          "file": 2,
          "line": 37,
          "col": 3,
          "lit": "ssh-known-hosts"
        },
        "value": ""
      },
      {
        "key": {
          "type": 0,
          "file": 2,
          "line": 42,
          "col": 3,
          "lit": "ssh-strict"
        },
        "value": {
          "type": 0,
          "file": 2,
          "line": 47,
          "col": 14,
          "lit": "true"
        }
      },
      {
        "key": {
          "type": 0,
          "file": 2,
          "line": 48,
          "col": 3,
          "lit": "ssh-user"
        },
        "value": {
          "type": 0,
          "file": 2,
          "line": 51,
          "col": 14,
          "lit": "git"
        }
      },
      {
        "key": {
          "type": 0,
          "file": 2,
          "line": 52,
          "col": 3,
          "lit": "persist-credentials"
        },
        "value": {
          "type": 0,
          "file": 2,
          "line": 54,
          "col": 14,
          "lit": "true"
        }
      },
      {
        "key": {
          "type": 0,
          "file": 2,
          "line": 55,
          "col": 3,
          "lit": "path"
        },
        "value": ""
      },
      {
        "key": {
          "type": 0,
          "file": 2,
          "line": 57,
          "col": 3,
          "lit": "clean"
        },
        "value": {
          "type": 0,
          "file": 2,
          "line": 59,
          "col": 14,
          "lit": "true"
        }
      },
      {
        "key": {
          "type": 0,
          "file": 2,
          "line": 60,
          "col": 3,
          "lit": "filter"
        },
        "value": {
          "type": 0,
          "file": 2,
          "line": 64,
          "col": 14,
          "lit": ""
        }
      },
      {
        "key": {
          "type": 0,
          "file": 2,
          "line": 65,
          "col": 3,
          "lit": "sparse-checkout"
        },
        "value": {
          "type": 0,
          "file": 2,
          "line": 69,
          "col": 14,
          "lit": ""
        }
      },
      {
        "key": {
          "type": 0,
          "file": 2,
          "line": 70,
          "col": 3,
          "lit": "sparse-checkout-cone-mode"
        },
        "value": {
          "type": 0,
          "file": 2,
          "line": 73,
          "col": 14,
          "lit": "true"
        }
      },
      {
        "key": {
          "type": 0,
          "file": 2,
          "line": 74,
          "col": 3,
          "lit": "fetch-depth"
        },
        "value": {
          "type": 0,
          "file": 2,
          "line": 76,
          "col": 14,
          "lit": "1"
        }
      },
      {
        "key": {
          "type": 0,
          "file": 2,
          "line": 77,
          "col": 3,
          "lit": "fetch-tags"
        },
        "value": {
          "type": 0,
          "file": 2,
          "line": 79,
          "col": 14,
          "lit": "false"
        }
      },
      {
        "key": {
          "type": 0,
          "file": 2,
          "line": 80,
          "col": 3,
          "lit": "show-progress"
        },
        "value": {
          "type": 0,
          "file": 2,
          "line": 82,
          "col": 14,
          "lit": "true"
        }
      },
      {
        "key": {
          "type": 0,
          "file": 2,
          "line": 83,
          "col": 3,
          "lit": "lfs"
        },
        "value": {
          "type": 0,
          "file": 2,
          "line": 85,
          "col": 14,
          "lit": "false"
        }
      },
      {
        "key": {
          "type": 0,
          "file": 2,
          "line": 86,
          "col": 3,
          "lit": "submodules"
        },
        "value": {
          "type": 0,
          "file": 2,
          "line": 94,
          "col": 14,
          "lit": "false"
        }
      },
      {
        "key": {
          "type": 0,
          "file": 2,
          "line": 95,
          "col": 3,
          "lit": "set-safe-directory"
        },
        "value": {
          "type": 0,
          "file": 2,
          "line": 97,
          "col": 14,
          "lit": "true"
        }
      },
      {
        "key": {
          "type": 0,
          "file": 2,
          "line": 98,
          "col": 3,
          "lit": "github-server-url"
        },
        "value": ""
      }
    ]
  },
  "execution": {
    "executionType": "nodeJS",
    "hasPre": false,
    "hasPost": true,
    "script": "dist/index.js",
    "pre": null,
    "post": "dist/index.js",
    "nodeVersion": "node20",
    "cleanupCondition": "always()",
    "initCondition": "always()"
  },
  "deprecated": null
}
[2026-06-04 03:44:51Z INFO ActionManager] Action node.js file: dist/index.js, no more preparation.
[2026-06-04 03:44:51Z INFO HostContext] Well known directory 'Bin': 'D:\funity\Test1\actions-runner\bin'
[2026-06-04 03:44:51Z INFO HostContext] Well known directory 'Root': 'D:\funity\Test1\actions-runner'
[2026-06-04 03:44:51Z INFO HostContext] Well known directory 'Work': 'D:\funity\Test1\actions-runner\_work'
[2026-06-04 03:44:51Z INFO HostContext] Well known directory 'Actions': 'D:\funity\Test1\actions-runner\_work\_actions'
[2026-06-04 03:44:51Z INFO ActionManager] Load action that reference repository from 'D:\funity\Test1\actions-runner\_work\_actions\actions\checkout\v4'
[2026-06-04 03:44:51Z INFO HostContext] Well known directory 'Bin': 'D:\funity\Test1\actions-runner\bin'
[2026-06-04 03:44:51Z INFO HostContext] Well known directory 'Root': 'D:\funity\Test1\actions-runner'
[2026-06-04 03:44:51Z INFO HostContext] Well known directory 'Work': 'D:\funity\Test1\actions-runner\_work'
[2026-06-04 03:44:51Z INFO HostContext] Well known directory 'Actions': 'D:\funity\Test1\actions-runner\_work\_actions'
[2026-06-04 03:44:51Z INFO ActionManifestManagerLegacy] Loaded action.yml file: {
  "name": "Checkout",
  "description": "Checkout a Git repository at a particular version",
  "inputs": {
    "type": 2,
    "map": [
      {
        "key": {
          "type": 0,
          "file": 2,
          "line": 4,
          "col": 3,
          "lit": "repository"
        },
        "value": {
          "type": 3,
          "file": 2,
          "line": 6,
          "col": 14,
          "expr": "github.repository"
        }
      },
      {
        "key": {
          "type": 0,
          "file": 2,
          "line": 7,
          "col": 3,
          "lit": "ref"
        },
        "value": ""
      },
      {
        "key": {
          "type": 0,
          "file": 2,
          "line": 12,
          "col": 3,
          "lit": "token"
        },
        "value": {
          "type": 3,
          "file": 2,
          "line": 24,
          "col": 14,
          "expr": "github.token"
        }
      },
      {
        "key": {
          "type": 0,
          "file": 2,
          "line": 25,
          "col": 3,
          "lit": "ssh-key"
        },
        "value": ""
      },
      {
        "key": {
          "type": 0,
          "file": 2,
          "line": 37,
          "col": 3,
          "lit": "ssh-known-hosts"
        },
        "value": ""
      },
      {
        "key": {
          "type": 0,
          "file": 2,
          "line": 42,
          "col": 3,
          "lit": "ssh-strict"
        },
        "value": {
          "type": 0,
          "file": 2,
          "line": 47,
          "col": 14,
          "lit": "true"
        }
      },
      {
        "key": {
          "type": 0,
          "file": 2,
          "line": 48,
          "col": 3,
          "lit": "ssh-user"
        },
        "value": {
          "type": 0,
          "file": 2,
          "line": 51,
          "col": 14,
          "lit": "git"
        }
      },
      {
        "key": {
          "type": 0,
          "file": 2,
          "line": 52,
          "col": 3,
          "lit": "persist-credentials"
        },
        "value": {
          "type": 0,
          "file": 2,
          "line": 54,
          "col": 14,
          "lit": "true"
        }
      },
      {
        "key": {
          "type": 0,
          "file": 2,
          "line": 55,
          "col": 3,
          "lit": "path"
        },
        "value": ""
      },
      {
        "key": {
          "type": 0,
          "file": 2,
          "line": 57,
          "col": 3,
          "lit": "clean"
        },
        "value": {
          "type": 0,
          "file": 2,
          "line": 59,
          "col": 14,
          "lit": "true"
        }
      },
      {
        "key": {
          "type": 0,
          "file": 2,
          "line": 60,
          "col": 3,
          "lit": "filter"
        },
        "value": {
          "type": 0,
          "file": 2,
          "line": 64,
          "col": 14,
          "lit": ""
        }
      },
      {
        "key": {
          "type": 0,
          "file": 2,
          "line": 65,
          "col": 3,
          "lit": "sparse-checkout"
        },
        "value": {
          "type": 0,
          "file": 2,
          "line": 69,
          "col": 14,
          "lit": ""
        }
      },
      {
        "key": {
          "type": 0,
          "file": 2,
          "line": 70,
          "col": 3,
          "lit": "sparse-checkout-cone-mode"
        },
        "value": {
          "type": 0,
          "file": 2,
          "line": 73,
          "col": 14,
          "lit": "true"
        }
      },
      {
        "key": {
          "type": 0,
          "file": 2,
          "line": 74,
          "col": 3,
          "lit": "fetch-depth"
        },
        "value": {
          "type": 0,
          "file": 2,
          "line": 76,
          "col": 14,
          "lit": "1"
        }
      },
      {
        "key": {
          "type": 0,
          "file": 2,
          "line": 77,
          "col": 3,
          "lit": "fetch-tags"
        },
        "value": {
          "type": 0,
          "file": 2,
          "line": 79,
          "col": 14,
          "lit": "false"
        }
      },
      {
        "key": {
          "type": 0,
          "file": 2,
          "line": 80,
          "col": 3,
          "lit": "show-progress"
        },
        "value": {
          "type": 0,
          "file": 2,
          "line": 82,
          "col": 14,
          "lit": "true"
        }
      },
      {
        "key": {
          "type": 0,
          "file": 2,
          "line": 83,
          "col": 3,
          "lit": "lfs"
        },
        "value": {
          "type": 0,
          "file": 2,
          "line": 85,
          "col": 14,
          "lit": "false"
        }
      },
      {
        "key": {
          "type": 0,
          "file": 2,
          "line": 86,
          "col": 3,
          "lit": "submodules"
        },
        "value": {
          "type": 0,
          "file": 2,
          "line": 94,
          "col": 14,
          "lit": "false"
        }
      },
      {
        "key": {
          "type": 0,
          "file": 2,
          "line": 95,
          "col": 3,
          "lit": "set-safe-directory"
        },
        "value": {
          "type": 0,
          "file": 2,
          "line": 97,
          "col": 14,
          "lit": "true"
        }
      },
      {
        "key": {
          "type": 0,
          "file": 2,
          "line": 98,
          "col": 3,
          "lit": "github-server-url"
        },
        "value": ""
      }
    ]
  },
  "execution": {
    "executionType": "nodeJS",
    "hasPre": false,
    "hasPost": true,
    "script": "dist/index.js",
    "pre": null,
    "post": "dist/index.js",
    "nodeVersion": "node20",
    "cleanupCondition": "always()",
    "initCondition": "always()"
  },
  "deprecated": null
}
[2026-06-04 03:44:51Z INFO ActionManager] Action pre node.js file: N/A.
[2026-06-04 03:44:51Z INFO ActionManager] Action node.js file: dist/index.js.
[2026-06-04 03:44:51Z INFO ActionManager] Action post node.js file: dist/index.js.
[2026-06-04 03:44:51Z INFO JobExtension] Adding .
[2026-06-04 03:44:51Z INFO JobExtension] Adding .
[2026-06-04 03:44:51Z INFO HostContext] Well known directory 'Bin': 'D:\funity\Test1\actions-runner\bin'
[2026-06-04 03:44:51Z INFO HostContext] Well known directory 'Root': 'D:\funity\Test1\actions-runner'
[2026-06-04 03:44:51Z INFO HostContext] Well known directory 'Diag': 'D:\funity\Test1\actions-runner\_diag'
[2026-06-04 03:44:51Z INFO HostContext] Well known directory 'Bin': 'D:\funity\Test1\actions-runner\bin'
[2026-06-04 03:44:51Z INFO HostContext] Well known directory 'Root': 'D:\funity\Test1\actions-runner'
[2026-06-04 03:44:51Z INFO HostContext] Well known directory 'Diag': 'D:\funity\Test1\actions-runner\_diag'
[2026-06-04 03:44:51Z INFO HostContext] Well known directory 'Bin': 'D:\funity\Test1\actions-runner\bin'
[2026-06-04 03:44:51Z INFO HostContext] Well known directory 'Root': 'D:\funity\Test1\actions-runner'
[2026-06-04 03:44:51Z INFO HostContext] Well known directory 'Diag': 'D:\funity\Test1\actions-runner\_diag'
[2026-06-04 03:44:51Z INFO HostContext] Well known directory 'Bin': 'D:\funity\Test1\actions-runner\bin'
[2026-06-04 03:44:51Z INFO HostContext] Well known directory 'Root': 'D:\funity\Test1\actions-runner'
[2026-06-04 03:44:51Z INFO HostContext] Well known directory 'Diag': 'D:\funity\Test1\actions-runner\_diag'
[2026-06-04 03:44:51Z INFO JobExtension] Total accessible running process: 297.
[2026-06-04 03:44:51Z INFO HostContext] Well known directory 'Bin': 'D:\funity\Test1\actions-runner\bin'
[2026-06-04 03:44:51Z INFO HostContext] Well known directory 'Root': 'D:\funity\Test1\actions-runner'
[2026-06-04 03:44:51Z INFO HostContext] Well known directory 'Work': 'D:\funity\Test1\actions-runner\_work'
[2026-06-04 03:44:51Z INFO JobExtension] Start checking server connectivity.
[2026-06-04 03:44:51Z INFO JobExtension] Check server connectivity for https://broker.actions.githubusercontent.com/health.
[2026-06-04 03:44:51Z INFO JobExtension] Check server connectivity for https://token.actions.githubusercontent.com/ready.
[2026-06-04 03:44:51Z INFO JobExtension] Check server connectivity for https://run.actions.githubusercontent.com/health.
[2026-06-04 03:44:51Z INFO JobExtension] Start checking service connectivity in background.
[2026-06-04 03:44:51Z INFO ExecutionContext] Publish step telemetry for current step {
  "action": "setup_job",
  "type": "runner",
  "stage": "Pre",
  "stepId": "730019dc-bbdf-4a7f-96c1-b768a6dc39a5",
  "result": "succeeded",
  "errorMessages": [],
  "executionTimeInSeconds": 2,
  "startTime": "2026-06-04T03:44:50.1677108Z",
  "finishTime": "2026-06-04T03:44:51.8644242Z"
}.
[2026-06-04 03:44:51Z INFO JobRunner] Total job steps: 2.
[2026-06-04 03:44:51Z INFO JobRunner] Run all job steps.
[2026-06-04 03:44:51Z INFO DapDebugger] DapDebugger initialized
[2026-06-04 03:44:51Z INFO StepsRunner] Processing step: DisplayName='Checkout repository code'
[2026-06-04 03:44:51Z INFO StepsRunner] Evaluating: success()
[2026-06-04 03:44:51Z INFO StepsRunner] Result: true
[2026-06-04 03:44:51Z INFO StepsRunner] Starting the step.
[2026-06-04 03:44:51Z INFO HostContext] Well known directory 'Bin': 'D:\funity\Test1\actions-runner\bin'
[2026-06-04 03:44:51Z INFO HostContext] Well known directory 'Root': 'D:\funity\Test1\actions-runner'
[2026-06-04 03:44:51Z INFO HostContext] Well known directory 'Work': 'D:\funity\Test1\actions-runner\_work'
[2026-06-04 03:44:51Z INFO StepsRunner] Which2: 'chcp'
[2026-06-04 03:44:51Z INFO StepsRunner] Location: 'C:\Windows\system32\chcp.COM'
[2026-06-04 03:44:51Z INFO ProcessInvokerWrapper] Starting process:
[2026-06-04 03:44:51Z INFO ProcessInvokerWrapper]   File name: 'C:\Windows\system32\chcp.COM'
[2026-06-04 03:44:51Z INFO ProcessInvokerWrapper]   Arguments: '65001'
[2026-06-04 03:44:51Z INFO ProcessInvokerWrapper]   Working directory: 'D:\funity\Test1\actions-runner\_work'
[2026-06-04 03:44:51Z INFO ProcessInvokerWrapper]   Require exit code zero: 'False'
[2026-06-04 03:44:51Z INFO ProcessInvokerWrapper]   Encoding web name:  ; code page: ''
[2026-06-04 03:44:51Z INFO ProcessInvokerWrapper]   Force kill process on cancellation: 'False'
[2026-06-04 03:44:51Z INFO ProcessInvokerWrapper]   Redirected STDIN: 'False'
[2026-06-04 03:44:51Z INFO ProcessInvokerWrapper]   Persist current code page: 'True'
[2026-06-04 03:44:51Z INFO ProcessInvokerWrapper]   Keep redirected STDIN open: 'False'
[2026-06-04 03:44:51Z INFO ProcessInvokerWrapper]   High priority process: 'False'
[2026-06-04 03:44:51Z INFO ProcessInvokerWrapper] Process started with process id 12820, waiting for process exit.
[2026-06-04 03:44:51Z INFO ProcessInvokerWrapper] STDOUT/STDERR stream read finished.
[2026-06-04 03:44:51Z INFO ProcessInvokerWrapper] STDOUT/STDERR stream read finished.
[2026-06-04 03:44:51Z INFO ProcessInvokerWrapper] Finished process 12820 with exit code 0, and elapsed time 00:00:00.0503087.
[2026-06-04 03:44:51Z INFO StepsRunner] Successfully returned to code page 65001 (UTF8)
[2026-06-04 03:44:51Z INFO HostContext] Well known directory 'Bin': 'D:\funity\Test1\actions-runner\bin'
[2026-06-04 03:44:51Z INFO HostContext] Well known directory 'Root': 'D:\funity\Test1\actions-runner'
[2026-06-04 03:44:51Z INFO HostContext] Well known directory 'Work': 'D:\funity\Test1\actions-runner\_work'
[2026-06-04 03:44:51Z INFO HostContext] Well known directory 'Actions': 'D:\funity\Test1\actions-runner\_work\_actions'
[2026-06-04 03:44:51Z INFO ActionManager] Load action that reference repository from 'D:\funity\Test1\actions-runner\_work\_actions\actions\checkout\v4'
[2026-06-04 03:44:51Z INFO HostContext] Well known directory 'Bin': 'D:\funity\Test1\actions-runner\bin'
[2026-06-04 03:44:51Z INFO HostContext] Well known directory 'Root': 'D:\funity\Test1\actions-runner'
[2026-06-04 03:44:51Z INFO HostContext] Well known directory 'Work': 'D:\funity\Test1\actions-runner\_work'
[2026-06-04 03:44:51Z INFO HostContext] Well known directory 'Actions': 'D:\funity\Test1\actions-runner\_work\_actions'
[2026-06-04 03:44:51Z INFO ActionManifestManagerLegacy] Loaded action.yml file: {
  "name": "Checkout",
  "description": "Checkout a Git repository at a particular version",
  "inputs": {
    "type": 2,
    "map": [
      {
        "key": {
          "type": 0,
          "file": 2,
          "line": 4,
          "col": 3,
          "lit": "repository"
        },
        "value": {
          "type": 3,
          "file": 2,
          "line": 6,
          "col": 14,
          "expr": "github.repository"
        }
      },
      {
        "key": {
          "type": 0,
          "file": 2,
          "line": 7,
          "col": 3,
          "lit": "ref"
        },
        "value": ""
      },
      {
        "key": {
          "type": 0,
          "file": 2,
          "line": 12,
          "col": 3,
          "lit": "token"
        },
        "value": {
          "type": 3,
          "file": 2,
          "line": 24,
          "col": 14,
          "expr": "github.token"
        }
      },
      {
        "key": {
          "type": 0,
          "file": 2,
          "line": 25,
          "col": 3,
          "lit": "ssh-key"
        },
        "value": ""
      },
      {
        "key": {
          "type": 0,
          "file": 2,
          "line": 37,
          "col": 3,
          "lit": "ssh-known-hosts"
        },
        "value": ""
      },
      {
        "key": {
          "type": 0,
          "file": 2,
          "line": 42,
          "col": 3,
          "lit": "ssh-strict"
        },
        "value": {
          "type": 0,
          "file": 2,
          "line": 47,
          "col": 14,
          "lit": "true"
        }
      },
      {
        "key": {
          "type": 0,
          "file": 2,
          "line": 48,
          "col": 3,
          "lit": "ssh-user"
        },
        "value": {
          "type": 0,
          "file": 2,
          "line": 51,
          "col": 14,
          "lit": "git"
        }
      },
      {
        "key": {
          "type": 0,
          "file": 2,
          "line": 52,
          "col": 3,
          "lit": "persist-credentials"
        },
        "value": {
          "type": 0,
          "file": 2,
          "line": 54,
          "col": 14,
          "lit": "true"
        }
      },
      {
        "key": {
          "type": 0,
          "file": 2,
          "line": 55,
          "col": 3,
          "lit": "path"
        },
        "value": ""
      },
      {
        "key": {
          "type": 0,
          "file": 2,
          "line": 57,
          "col": 3,
          "lit": "clean"
        },
        "value": {
          "type": 0,
          "file": 2,
          "line": 59,
          "col": 14,
          "lit": "true"
        }
      },
      {
        "key": {
          "type": 0,
          "file": 2,
          "line": 60,
          "col": 3,
          "lit": "filter"
        },
        "value": {
          "type": 0,
          "file": 2,
          "line": 64,
          "col": 14,
          "lit": ""
        }
      },
      {
        "key": {
          "type": 0,
          "file": 2,
          "line": 65,
          "col": 3,
          "lit": "sparse-checkout"
        },
        "value": {
          "type": 0,
          "file": 2,
          "line": 69,
          "col": 14,
          "lit": ""
        }
      },
      {
        "key": {
          "type": 0,
          "file": 2,
          "line": 70,
          "col": 3,
          "lit": "sparse-checkout-cone-mode"
        },
        "value": {
          "type": 0,
          "file": 2,
          "line": 73,
          "col": 14,
          "lit": "true"
        }
      },
      {
        "key": {
          "type": 0,
          "file": 2,
          "line": 74,
          "col": 3,
          "lit": "fetch-depth"
        },
        "value": {
          "type": 0,
          "file": 2,
          "line": 76,
          "col": 14,
          "lit": "1"
        }
      },
      {
        "key": {
          "type": 0,
          "file": 2,
          "line": 77,
          "col": 3,
          "lit": "fetch-tags"
        },
        "value": {
          "type": 0,
          "file": 2,
          "line": 79,
          "col": 14,
          "lit": "false"
        }
      },
      {
        "key": {
          "type": 0,
          "file": 2,
          "line": 80,
          "col": 3,
          "lit": "show-progress"
        },
        "value": {
          "type": 0,
          "file": 2,
          "line": 82,
          "col": 14,
          "lit": "true"
        }
      },
      {
        "key": {
          "type": 0,
          "file": 2,
          "line": 83,
          "col": 3,
          "lit": "lfs"
        },
        "value": {
          "type": 0,
          "file": 2,
          "line": 85,
          "col": 14,
          "lit": "false"
        }
      },
      {
        "key": {
          "type": 0,
          "file": 2,
          "line": 86,
          "col": 3,
          "lit": "submodules"
        },
        "value": {
          "type": 0,
          "file": 2,
          "line": 94,
          "col": 14,
          "lit": "false"
        }
      },
      {
        "key": {
          "type": 0,
          "file": 2,
          "line": 95,
          "col": 3,
          "lit": "set-safe-directory"
        },
        "value": {
          "type": 0,
          "file": 2,
          "line": 97,
          "col": 14,
          "lit": "true"
        }
      },
      {
        "key": {
          "type": 0,
          "file": 2,
          "line": 98,
          "col": 3,
          "lit": "github-server-url"
        },
        "value": ""
      }
    ]
  },
  "execution": {
    "executionType": "nodeJS",
    "hasPre": false,
    "hasPost": true,
    "script": "dist/index.js",
    "pre": null,
    "post": "dist/index.js",
    "nodeVersion": "node20",
    "cleanupCondition": "always()",
    "initCondition": "always()"
  },
  "deprecated": null
}
[2026-06-04 03:44:51Z INFO ActionManager] Action pre node.js file: N/A.
[2026-06-04 03:44:51Z INFO ActionManager] Action node.js file: dist/index.js.
[2026-06-04 03:44:51Z INFO ActionManager] Action post node.js file: dist/index.js.
[2026-06-04 03:44:51Z INFO ExecutionContext] Reserve record order 4 to 6 for post job actions.
[2026-06-04 03:44:51Z INFO HostContext] Well known directory 'Bin': 'D:\funity\Test1\actions-runner\bin'
[2026-06-04 03:44:51Z INFO HostContext] Well known directory 'Root': 'D:\funity\Test1\actions-runner'
[2026-06-04 03:44:51Z INFO HostContext] Well known directory 'Diag': 'D:\funity\Test1\actions-runner\_diag'
[2026-06-04 03:44:51Z INFO HostContext] Well known directory 'Bin': 'D:\funity\Test1\actions-runner\bin'
[2026-06-04 03:44:51Z INFO HostContext] Well known directory 'Root': 'D:\funity\Test1\actions-runner'
[2026-06-04 03:44:51Z INFO HostContext] Well known directory 'Diag': 'D:\funity\Test1\actions-runner\_diag'
[2026-06-04 03:44:51Z INFO HostContext] Well known directory 'Bin': 'D:\funity\Test1\actions-runner\bin'
[2026-06-04 03:44:51Z INFO HostContext] Well known directory 'Root': 'D:\funity\Test1\actions-runner'
[2026-06-04 03:44:51Z INFO HostContext] Well known directory 'Work': 'D:\funity\Test1\actions-runner\_work'
[2026-06-04 03:44:51Z INFO HostContext] Well known directory 'Temp': 'D:\funity\Test1\actions-runner\_work\_temp'
[2026-06-04 03:44:51Z INFO ExecutionContext] Write event payload to D:\funity\Test1\actions-runner\_work\_temp\_github_workflow\event.json
[2026-06-04 03:44:51Z INFO HostContext] Well known directory 'Bin': 'D:\funity\Test1\actions-runner\bin'
[2026-06-04 03:44:51Z INFO HostContext] Well known directory 'Root': 'D:\funity\Test1\actions-runner'
[2026-06-04 03:44:51Z INFO HostContext] Well known directory 'Work': 'D:\funity\Test1\actions-runner\_work'
[2026-06-04 03:44:51Z INFO HostContext] Well known directory 'Temp': 'D:\funity\Test1\actions-runner\_work\_temp'
[2026-06-04 03:44:51Z INFO ExtensionManager] Getting extensions for interface: 'GitHub.Runner.Worker.IFileCommandExtension'
[2026-06-04 03:44:51Z INFO ExtensionManager] Creating instance: GitHub.Runner.Worker.AddPathFileCommand, Runner.Worker
[2026-06-04 03:44:51Z INFO ExtensionManager] Creating instance: GitHub.Runner.Worker.SetEnvFileCommand, Runner.Worker
[2026-06-04 03:44:51Z INFO ExtensionManager] Creating instance: GitHub.Runner.Worker.CreateStepSummaryCommand, Runner.Worker
[2026-06-04 03:44:51Z INFO ExtensionManager] Creating instance: GitHub.Runner.Worker.SaveStateFileCommand, Runner.Worker
[2026-06-04 03:44:51Z INFO ExtensionManager] Creating instance: GitHub.Runner.Worker.SetOutputFileCommand, Runner.Worker
[2026-06-04 03:44:51Z INFO ActionManifestManagerLegacy] Input 'repository': default value evaluate result: {
  "type": 0,
  "file": 2,
  "line": 6,
  "col": 14,
  "lit": "MunChaeWon/unity-qa-automation-pipeline"
}
[2026-06-04 03:44:51Z INFO ActionManifestManagerLegacy] Input 'ref': default value evaluate result: ""
[2026-06-04 03:44:51Z INFO ActionManifestManagerLegacy] Input 'token': default value evaluate result: {
  "type": 0,
  "file": 2,
  "line": 24,
  "col": 14,
  "lit": "***"
}
[2026-06-04 03:44:51Z INFO ActionManifestManagerLegacy] Input 'ssh-key': default value evaluate result: ""
[2026-06-04 03:44:51Z INFO ActionManifestManagerLegacy] Input 'ssh-known-hosts': default value evaluate result: ""
[2026-06-04 03:44:51Z INFO ActionManifestManagerLegacy] Input 'ssh-strict': default value evaluate result: {
  "type": 0,
  "file": 2,
  "line": 47,
  "col": 14,
  "lit": "true"
}
[2026-06-04 03:44:51Z INFO ActionManifestManagerLegacy] Input 'ssh-user': default value evaluate result: {
  "type": 0,
  "file": 2,
  "line": 51,
  "col": 14,
  "lit": "git"
}
[2026-06-04 03:44:51Z INFO ActionManifestManagerLegacy] Input 'persist-credentials': default value evaluate result: {
  "type": 0,
  "file": 2,
  "line": 54,
  "col": 14,
  "lit": "true"
}
[2026-06-04 03:44:51Z INFO ActionManifestManagerLegacy] Input 'path': default value evaluate result: ""
[2026-06-04 03:44:51Z INFO ActionManifestManagerLegacy] Input 'filter': default value evaluate result: {
  "type": 0,
  "file": 2,
  "line": 64,
  "col": 14,
  "lit": ""
}
[2026-06-04 03:44:51Z INFO ActionManifestManagerLegacy] Input 'sparse-checkout': default value evaluate result: {
  "type": 0,
  "file": 2,
  "line": 69,
  "col": 14,
  "lit": ""
}
[2026-06-04 03:44:51Z INFO ActionManifestManagerLegacy] Input 'sparse-checkout-cone-mode': default value evaluate result: {
  "type": 0,
  "file": 2,
  "line": 73,
  "col": 14,
  "lit": "true"
}
[2026-06-04 03:44:51Z INFO ActionManifestManagerLegacy] Input 'fetch-depth': default value evaluate result: {
  "type": 0,
  "file": 2,
  "line": 76,
  "col": 14,
  "lit": "1"
}
[2026-06-04 03:44:51Z INFO ActionManifestManagerLegacy] Input 'fetch-tags': default value evaluate result: {
  "type": 0,
  "file": 2,
  "line": 79,
  "col": 14,
  "lit": "false"
}
[2026-06-04 03:44:51Z INFO ActionManifestManagerLegacy] Input 'show-progress': default value evaluate result: {
  "type": 0,
  "file": 2,
  "line": 82,
  "col": 14,
  "lit": "true"
}
[2026-06-04 03:44:51Z INFO ActionManifestManagerLegacy] Input 'lfs': default value evaluate result: {
  "type": 0,
  "file": 2,
  "line": 85,
  "col": 14,
  "lit": "false"
}
[2026-06-04 03:44:51Z INFO ActionManifestManagerLegacy] Input 'submodules': default value evaluate result: {
  "type": 0,
  "file": 2,
  "line": 94,
  "col": 14,
  "lit": "false"
}
[2026-06-04 03:44:51Z INFO ActionManifestManagerLegacy] Input 'set-safe-directory': default value evaluate result: {
  "type": 0,
  "file": 2,
  "line": 97,
  "col": 14,
  "lit": "true"
}
[2026-06-04 03:44:51Z INFO ActionManifestManagerLegacy] Input 'github-server-url': default value evaluate result: ""
[2026-06-04 03:44:51Z INFO ExtensionManager] Getting extensions for interface: 'GitHub.Runner.Worker.IActionCommandExtension'
[2026-06-04 03:44:51Z INFO ExtensionManager] Creating instance: GitHub.Runner.Worker.InternalPluginSetRepoPathCommandExtension, Runner.Worker
[2026-06-04 03:44:51Z INFO ExtensionManager] Creating instance: GitHub.Runner.Worker.SetEnvCommandExtension, Runner.Worker
[2026-06-04 03:44:51Z INFO ExtensionManager] Creating instance: GitHub.Runner.Worker.SetOutputCommandExtension, Runner.Worker
[2026-06-04 03:44:51Z INFO ExtensionManager] Creating instance: GitHub.Runner.Worker.SaveStateCommandExtension, Runner.Worker
[2026-06-04 03:44:51Z INFO ExtensionManager] Creating instance: GitHub.Runner.Worker.AddPathCommandExtension, Runner.Worker
[2026-06-04 03:44:51Z INFO ExtensionManager] Creating instance: GitHub.Runner.Worker.AddMaskCommandExtension, Runner.Worker
[2026-06-04 03:44:51Z INFO ExtensionManager] Creating instance: GitHub.Runner.Worker.AddMatcherCommandExtension, Runner.Worker
[2026-06-04 03:44:51Z INFO ExtensionManager] Creating instance: GitHub.Runner.Worker.RemoveMatcherCommandExtension, Runner.Worker
[2026-06-04 03:44:51Z INFO ExtensionManager] Creating instance: GitHub.Runner.Worker.WarningCommandExtension, Runner.Worker
[2026-06-04 03:44:51Z INFO ExtensionManager] Creating instance: GitHub.Runner.Worker.ErrorCommandExtension, Runner.Worker
[2026-06-04 03:44:51Z INFO ExtensionManager] Creating instance: GitHub.Runner.Worker.NoticeCommandExtension, Runner.Worker
[2026-06-04 03:44:51Z INFO ExtensionManager] Creating instance: GitHub.Runner.Worker.DebugCommandExtension, Runner.Worker
[2026-06-04 03:44:51Z INFO ExtensionManager] Creating instance: GitHub.Runner.Worker.GroupCommandExtension, Runner.Worker
[2026-06-04 03:44:51Z INFO ExtensionManager] Creating instance: GitHub.Runner.Worker.EndGroupCommandExtension, Runner.Worker
[2026-06-04 03:44:51Z INFO ExtensionManager] Creating instance: GitHub.Runner.Worker.EchoCommandExtension, Runner.Worker
[2026-06-04 03:44:51Z INFO ActionCommandManager] Register action command extension for command internal-set-repo-path
[2026-06-04 03:44:51Z INFO ActionCommandManager] Register action command extension for command set-env
[2026-06-04 03:44:51Z INFO ActionCommandManager] Register action command extension for command set-output
[2026-06-04 03:44:51Z INFO ActionCommandManager] Register action command extension for command save-state
[2026-06-04 03:44:51Z INFO ActionCommandManager] Register action command extension for command add-path
[2026-06-04 03:44:51Z INFO ActionCommandManager] Register action command extension for command add-mask
[2026-06-04 03:44:51Z INFO ActionCommandManager] Register action command extension for command add-matcher
[2026-06-04 03:44:51Z INFO ActionCommandManager] Register action command extension for command remove-matcher
[2026-06-04 03:44:51Z INFO ActionCommandManager] Register action command extension for command warning
[2026-06-04 03:44:51Z INFO ActionCommandManager] Register action command extension for command error
[2026-06-04 03:44:51Z INFO ActionCommandManager] Register action command extension for command notice
[2026-06-04 03:44:51Z INFO ActionCommandManager] Register action command extension for command debug
[2026-06-04 03:44:51Z INFO ActionCommandManager] Register action command extension for command group
[2026-06-04 03:44:51Z INFO ActionCommandManager] Register action command extension for command endgroup
[2026-06-04 03:44:51Z INFO ActionCommandManager] Register action command extension for command echo
[2026-06-04 03:44:51Z INFO HostContext] Well known directory 'Bin': 'D:\funity\Test1\actions-runner\bin'
[2026-06-04 03:44:51Z INFO HostContext] Well known directory 'Root': 'D:\funity\Test1\actions-runner'
[2026-06-04 03:44:51Z INFO HostContext] Well known directory 'Externals': 'D:\funity\Test1\actions-runner\externals'
[2026-06-04 03:44:51Z INFO ProcessInvokerWrapper] Starting process:
[2026-06-04 03:44:51Z INFO ProcessInvokerWrapper]   File name: 'D:\funity\Test1\actions-runner\externals\node24\bin\node.exe'
[2026-06-04 03:44:51Z INFO ProcessInvokerWrapper]   Arguments: '"D:\funity\Test1\actions-runner\_work\_actions\actions\checkout\v4\dist/index.js"'
[2026-06-04 03:44:51Z INFO ProcessInvokerWrapper]   Working directory: 'D:\funity\Test1\actions-runner\_work\unity-qa-automation-pipeline\unity-qa-automation-pipeline'
[2026-06-04 03:44:51Z INFO ProcessInvokerWrapper]   Require exit code zero: 'False'
[2026-06-04 03:44:51Z INFO ProcessInvokerWrapper]   Encoding web name: utf-8 ; code page: '65001'
[2026-06-04 03:44:51Z INFO ProcessInvokerWrapper]   Force kill process on cancellation: 'False'
[2026-06-04 03:44:51Z INFO ProcessInvokerWrapper]   Redirected STDIN: 'False'
[2026-06-04 03:44:51Z INFO ProcessInvokerWrapper]   Persist current code page: 'True'
[2026-06-04 03:44:51Z INFO ProcessInvokerWrapper]   Keep redirected STDIN open: 'False'
[2026-06-04 03:44:51Z INFO ProcessInvokerWrapper]   High priority process: 'False'
[2026-06-04 03:44:51Z INFO ProcessInvokerWrapper] Process started with process id 36552, waiting for process exit.
[2026-06-04 03:44:52Z INFO JobServerQueue] Try to append 1 batches web console lines for record '730019dc-bbdf-4a7f-96c1-b768a6dc39a5', success rate: 1/1.
[2026-06-04 03:44:52Z INFO JobServerQueue] Try to append 1 batches web console lines for record 'e560e35b-a522-40dd-baaf-972e26553385', success rate: 1/1.
[2026-06-04 03:44:52Z INFO JobServerQueue] Got a step log file to send to results service.
[2026-06-04 03:44:52Z INFO JobServerQueue] Starting upload of step log file to results service ResultsLog, D:\funity\Test1\actions-runner\_diag\blocks\ba1315ed-e680-4683-b641-2fd5bd90bff4_730019dc-bbdf-4a7f-96c1-b768a6dc39a5.1
[2026-06-04 03:44:52Z INFO JobServerQueue] Try to upload 1 log files or attachments, success rate: 1/1.
[2026-06-04 03:44:52Z INFO AddMaskCommandExtension] Add new secret mask with length of 588
[2026-06-04 03:44:52Z INFO JobServerQueue] Try to append 1 batches web console lines for record 'e560e35b-a522-40dd-baaf-972e26553385', success rate: 1/1.
[2026-06-04 03:44:52Z INFO JobServerQueue] Try to append 1 batches web console lines for record 'e560e35b-a522-40dd-baaf-972e26553385', success rate: 1/1.
[2026-06-04 03:44:53Z INFO JobServerQueue] Try to append 1 batches web console lines for record 'e560e35b-a522-40dd-baaf-972e26553385', success rate: 1/1.
[2026-06-04 03:44:53Z INFO JobServerQueue] Try to append 1 batches web console lines for record 'e560e35b-a522-40dd-baaf-972e26553385', success rate: 1/1.
[2026-06-04 03:44:53Z INFO JobServerQueue] Tried to upload 1 file(s) to results, success rate: 1/1.
[2026-06-04 03:44:54Z INFO JobServerQueue] Try to append 1 batches web console lines for record 'e560e35b-a522-40dd-baaf-972e26553385', success rate: 1/1.
[2026-06-04 03:44:54Z INFO JobServerQueue] Try to append 1 batches web console lines for record 'e560e35b-a522-40dd-baaf-972e26553385', success rate: 1/1.
[2026-06-04 03:44:54Z INFO JobServerQueue] Try to append 1 batches web console lines for record 'e560e35b-a522-40dd-baaf-972e26553385', success rate: 1/1.
[2026-06-04 03:44:55Z INFO JobServerQueue] Try to append 1 batches web console lines for record 'e560e35b-a522-40dd-baaf-972e26553385', success rate: 1/1.
[2026-06-04 03:45:01Z INFO HostContext] Well known directory 'Bin': 'D:\funity\Test1\actions-runner\bin'
[2026-06-04 03:45:01Z INFO HostContext] Well known directory 'Root': 'D:\funity\Test1\actions-runner'
[2026-06-04 03:45:01Z INFO HostContext] Well known directory 'Work': 'D:\funity\Test1\actions-runner\_work'
[2026-06-04 03:45:06Z INFO JobServerQueue] Try to append 1 batches web console lines for record 'e560e35b-a522-40dd-baaf-972e26553385', success rate: 1/1.
[2026-06-04 03:45:06Z INFO JobServerQueue] Try to append 1 batches web console lines for record 'e560e35b-a522-40dd-baaf-972e26553385', success rate: 1/1.
[2026-06-04 03:45:07Z INFO JobServerQueue] Try to append 1 batches web console lines for record 'e560e35b-a522-40dd-baaf-972e26553385', success rate: 1/1.
[2026-06-04 03:45:07Z INFO JobServerQueue] Try to append 1 batches web console lines for record 'e560e35b-a522-40dd-baaf-972e26553385', success rate: 1/1.
[2026-06-04 03:45:08Z INFO ProcessInvokerWrapper] STDOUT/STDERR stream read finished.
[2026-06-04 03:45:08Z INFO ProcessInvokerWrapper] STDOUT/STDERR stream read finished.
[2026-06-04 03:45:08Z INFO ProcessInvokerWrapper] Finished process 36552 with exit code 0, and elapsed time 00:00:16.6722456.
[2026-06-04 03:45:08Z INFO CreateStepSummaryCommand] Step Summary file (D:\funity\Test1\actions-runner\_work\_temp\_runner_file_commands\step_summary_def38b94-9608-497b-9f56-6a0ac9c630b2) is empty; skipping attachment upload
[2026-06-04 03:45:08Z INFO StepsRunner] Step result: 
[2026-06-04 03:45:08Z INFO ExecutionContext] Publish step telemetry for current step {
  "action": "actions/checkout",
  "ref": "v4",
  "type": "node24",
  "stage": "Main",
  "stepId": "e560e35b-a522-40dd-baaf-972e26553385",
  "stepContextName": "__actions_checkout",
  "hasPreStep": false,
  "hasPostStep": true,
  "result": "succeeded",
  "errorMessages": [
    "no submodule mapping found in .gitmodules for path 'actions-runner/_work/unity-qa-automation-pipeline/unity-qa-automation-pipeline'"
  ],
  "executionTimeInSeconds": 17,
  "startTime": "2026-06-04T03:44:51.8715299Z",
  "finishTime": "2026-06-04T03:45:08.6351399Z"
}.
[2026-06-04 03:45:08Z INFO StepsRunner] No need for updating job result with current step result 'Succeeded'.
[2026-06-04 03:45:08Z INFO StepsRunner] Current state: job state = ''
[2026-06-04 03:45:08Z INFO StepsRunner] Processing step: DisplayName='Execute Unity QA Master Pipeline'
[2026-06-04 03:45:08Z INFO StepsRunner] Evaluating: success()
[2026-06-04 03:45:08Z INFO StepsRunner] Result: true
[2026-06-04 03:45:08Z INFO StepsRunner] Starting the step.
[2026-06-04 03:45:08Z INFO HostContext] Well known directory 'Bin': 'D:\funity\Test1\actions-runner\bin'
[2026-06-04 03:45:08Z INFO HostContext] Well known directory 'Root': 'D:\funity\Test1\actions-runner'
[2026-06-04 03:45:08Z INFO HostContext] Well known directory 'Work': 'D:\funity\Test1\actions-runner\_work'
[2026-06-04 03:45:08Z INFO StepsRunner] Which2: 'chcp'
[2026-06-04 03:45:08Z INFO StepsRunner] Location: 'C:\Windows\system32\chcp.COM'
[2026-06-04 03:45:08Z INFO ProcessInvokerWrapper] Starting process:
[2026-06-04 03:45:08Z INFO ProcessInvokerWrapper]   File name: 'C:\Windows\system32\chcp.COM'
[2026-06-04 03:45:08Z INFO ProcessInvokerWrapper]   Arguments: '65001'
[2026-06-04 03:45:08Z INFO ProcessInvokerWrapper]   Working directory: 'D:\funity\Test1\actions-runner\_work'
[2026-06-04 03:45:08Z INFO ProcessInvokerWrapper]   Require exit code zero: 'False'
[2026-06-04 03:45:08Z INFO ProcessInvokerWrapper]   Encoding web name:  ; code page: ''
[2026-06-04 03:45:08Z INFO ProcessInvokerWrapper]   Force kill process on cancellation: 'False'
[2026-06-04 03:45:08Z INFO ProcessInvokerWrapper]   Redirected STDIN: 'False'
[2026-06-04 03:45:08Z INFO ProcessInvokerWrapper]   Persist current code page: 'True'
[2026-06-04 03:45:08Z INFO ProcessInvokerWrapper]   Keep redirected STDIN open: 'False'
[2026-06-04 03:45:08Z INFO ProcessInvokerWrapper]   High priority process: 'False'
[2026-06-04 03:45:08Z INFO ProcessInvokerWrapper] Process started with process id 34912, waiting for process exit.
[2026-06-04 03:45:08Z INFO ProcessInvokerWrapper] STDOUT/STDERR stream read finished.
[2026-06-04 03:45:08Z INFO ProcessInvokerWrapper] STDOUT/STDERR stream read finished.
[2026-06-04 03:45:08Z INFO ProcessInvokerWrapper] Finished process 34912 with exit code 0, and elapsed time 00:00:00.0067442.
[2026-06-04 03:45:08Z INFO StepsRunner] Successfully returned to code page 65001 (UTF8)
[2026-06-04 03:45:08Z INFO HostContext] Well known directory 'Bin': 'D:\funity\Test1\actions-runner\bin'
[2026-06-04 03:45:08Z INFO HostContext] Well known directory 'Root': 'D:\funity\Test1\actions-runner'
[2026-06-04 03:45:08Z INFO HostContext] Well known directory 'Work': 'D:\funity\Test1\actions-runner\_work'
[2026-06-04 03:45:08Z INFO HostContext] Well known directory 'Temp': 'D:\funity\Test1\actions-runner\_work\_temp'
[2026-06-04 03:45:08Z INFO ExecutionContext] Write event payload to D:\funity\Test1\actions-runner\_work\_temp\_github_workflow\event.json
[2026-06-04 03:45:08Z INFO HostContext] Well known directory 'Bin': 'D:\funity\Test1\actions-runner\bin'
[2026-06-04 03:45:08Z INFO HostContext] Well known directory 'Root': 'D:\funity\Test1\actions-runner'
[2026-06-04 03:45:08Z INFO HostContext] Well known directory 'Work': 'D:\funity\Test1\actions-runner\_work'
[2026-06-04 03:45:08Z INFO HostContext] Well known directory 'Temp': 'D:\funity\Test1\actions-runner\_work\_temp'
[2026-06-04 03:45:08Z INFO ExtensionManager] Getting extensions for interface: 'GitHub.Runner.Worker.IFileCommandExtension'
[2026-06-04 03:45:08Z INFO ExtensionManager] Getting extensions for interface: 'GitHub.Runner.Worker.IActionCommandExtension'
[2026-06-04 03:45:08Z INFO ActionCommandManager] Register action command extension for command internal-set-repo-path
[2026-06-04 03:45:08Z INFO ActionCommandManager] Register action command extension for command set-env
[2026-06-04 03:45:08Z INFO ActionCommandManager] Register action command extension for command set-output
[2026-06-04 03:45:08Z INFO ActionCommandManager] Register action command extension for command save-state
[2026-06-04 03:45:08Z INFO ActionCommandManager] Register action command extension for command add-path
[2026-06-04 03:45:08Z INFO ActionCommandManager] Register action command extension for command add-mask
[2026-06-04 03:45:08Z INFO ActionCommandManager] Register action command extension for command add-matcher
[2026-06-04 03:45:08Z INFO ActionCommandManager] Register action command extension for command remove-matcher
[2026-06-04 03:45:08Z INFO ActionCommandManager] Register action command extension for command warning
[2026-06-04 03:45:08Z INFO ActionCommandManager] Register action command extension for command error
[2026-06-04 03:45:08Z INFO ActionCommandManager] Register action command extension for command notice
[2026-06-04 03:45:08Z INFO ActionCommandManager] Register action command extension for command debug
[2026-06-04 03:45:08Z INFO ActionCommandManager] Register action command extension for command group
[2026-06-04 03:45:08Z INFO ActionCommandManager] Register action command extension for command endgroup
[2026-06-04 03:45:08Z INFO ActionCommandManager] Register action command extension for command echo
[2026-06-04 03:45:08Z INFO ScriptHandler] Which2: 'pwsh'
[2026-06-04 03:45:08Z INFO ScriptHandler] pwsh: command not found. Make sure 'pwsh' is installed and its location included in the 'Path' environment variable.
[2026-06-04 03:45:08Z INFO ScriptHandler] Defaulting to powershell
[2026-06-04 03:45:08Z INFO ScriptHandler] Which2: 'powershell'
[2026-06-04 03:45:08Z INFO ScriptHandler] Location: 'C:\Windows\System32\WindowsPowerShell\v1.0\powershell.EXE'
[2026-06-04 03:45:08Z INFO HostContext] Well known directory 'Bin': 'D:\funity\Test1\actions-runner\bin'
[2026-06-04 03:45:08Z INFO HostContext] Well known directory 'Root': 'D:\funity\Test1\actions-runner'
[2026-06-04 03:45:08Z INFO HostContext] Well known directory 'Work': 'D:\funity\Test1\actions-runner\_work'
[2026-06-04 03:45:08Z INFO HostContext] Well known directory 'Temp': 'D:\funity\Test1\actions-runner\_work\_temp'
[2026-06-04 03:45:08Z INFO ScriptHandler] Which2: 'pwsh'
[2026-06-04 03:45:08Z INFO ScriptHandler] pwsh: command not found. Make sure 'pwsh' is installed and its location included in the 'Path' environment variable.
[2026-06-04 03:45:08Z INFO ScriptHandler] Defaulting to powershell
[2026-06-04 03:45:08Z INFO ScriptHandler] Which2: 'powershell'
[2026-06-04 03:45:08Z INFO ScriptHandler] Location: 'C:\Windows\System32\WindowsPowerShell\v1.0\powershell.EXE'
[2026-06-04 03:45:08Z INFO ProcessInvokerWrapper] Starting process:
[2026-06-04 03:45:08Z INFO ProcessInvokerWrapper]   File name: 'C:\Windows\System32\WindowsPowerShell\v1.0\powershell.EXE'
[2026-06-04 03:45:08Z INFO ProcessInvokerWrapper]   Arguments: '-command ". 'D:\funity\Test1\actions-runner\_work\_temp\71524ccf-923c-48e6-b16c-c94b65b70ca6.ps1'"'
[2026-06-04 03:45:08Z INFO ProcessInvokerWrapper]   Working directory: 'D:\funity\Test1\actions-runner\_work\unity-qa-automation-pipeline\unity-qa-automation-pipeline'
[2026-06-04 03:45:08Z INFO ProcessInvokerWrapper]   Require exit code zero: 'False'
[2026-06-04 03:45:08Z INFO ProcessInvokerWrapper]   Encoding web name:  ; code page: ''
[2026-06-04 03:45:08Z INFO ProcessInvokerWrapper]   Force kill process on cancellation: 'False'
[2026-06-04 03:45:08Z INFO ProcessInvokerWrapper]   Redirected STDIN: 'False'
[2026-06-04 03:45:08Z INFO ProcessInvokerWrapper]   Persist current code page: 'True'
[2026-06-04 03:45:08Z INFO ProcessInvokerWrapper]   Keep redirected STDIN open: 'False'
[2026-06-04 03:45:08Z INFO ProcessInvokerWrapper]   High priority process: 'False'
[2026-06-04 03:45:08Z INFO ProcessInvokerWrapper] Process started with process id 16796, waiting for process exit.
[2026-06-04 03:45:08Z INFO JobServerQueue] Got a step log file to send to results service.
[2026-06-04 03:45:08Z INFO JobServerQueue] Starting upload of step log file to results service ResultsLog, D:\funity\Test1\actions-runner\_diag\blocks\ba1315ed-e680-4683-b641-2fd5bd90bff4_e560e35b-a522-40dd-baaf-972e26553385.1
[2026-06-04 03:45:08Z INFO JobServerQueue] Try to append 1 batches web console lines for record 'e560e35b-a522-40dd-baaf-972e26553385', success rate: 1/1.
[2026-06-04 03:45:08Z INFO JobServerQueue] Try to append 1 batches web console lines for record '0419f3d4-1543-41d1-8c55-361ed8aba72a', success rate: 1/1.
[2026-06-04 03:45:08Z INFO ProcessInvokerWrapper] STDOUT/STDERR stream read finished.
[2026-06-04 03:45:08Z INFO ProcessInvokerWrapper] STDOUT/STDERR stream read finished.
[2026-06-04 03:45:08Z INFO ProcessInvokerWrapper] Finished process 16796 with exit code 1, and elapsed time 00:00:00.3145118.
[2026-06-04 03:45:08Z INFO CreateStepSummaryCommand] Step Summary file (D:\funity\Test1\actions-runner\_work\_temp\_runner_file_commands\step_summary_9cfd53d0-90fe-4ba9-9e7f-0b45b946824c) is empty; skipping attachment upload
[2026-06-04 03:45:08Z INFO StepsRunner] Step result: Failed
[2026-06-04 03:45:08Z INFO ExecutionContext] Publish step telemetry for current step {
  "action": "powershell",
  "type": "run",
  "stage": "Main",
  "stepId": "0419f3d4-1543-41d1-8c55-361ed8aba72a",
  "stepContextName": "__run",
  "result": "failed",
  "errorMessages": [
    "Process completed with exit code 1."
  ],
  "executionTimeInSeconds": 1,
  "startTime": "2026-06-04T03:45:08.6365218Z",
  "finishTime": "2026-06-04T03:45:08.9928573Z"
}.
[2026-06-04 03:45:08Z INFO StepsRunner] Update job result with current step result 'Failed'.
[2026-06-04 03:45:08Z INFO StepsRunner] Current state: job state = 'Failed'
[2026-06-04 03:45:08Z INFO StepsRunner] Processing step: DisplayName='Post Checkout repository code'
[2026-06-04 03:45:08Z INFO StepsRunner] Evaluating: always()
[2026-06-04 03:45:08Z INFO StepsRunner] Result: true
[2026-06-04 03:45:08Z INFO StepsRunner] Starting the step.
[2026-06-04 03:45:08Z INFO HostContext] Well known directory 'Bin': 'D:\funity\Test1\actions-runner\bin'
[2026-06-04 03:45:08Z INFO HostContext] Well known directory 'Root': 'D:\funity\Test1\actions-runner'
[2026-06-04 03:45:08Z INFO HostContext] Well known directory 'Work': 'D:\funity\Test1\actions-runner\_work'
[2026-06-04 03:45:08Z INFO StepsRunner] Which2: 'chcp'
[2026-06-04 03:45:08Z INFO StepsRunner] Location: 'C:\Windows\system32\chcp.COM'
[2026-06-04 03:45:08Z INFO ProcessInvokerWrapper] Starting process:
[2026-06-04 03:45:08Z INFO ProcessInvokerWrapper]   File name: 'C:\Windows\system32\chcp.COM'
[2026-06-04 03:45:08Z INFO ProcessInvokerWrapper]   Arguments: '65001'
[2026-06-04 03:45:08Z INFO ProcessInvokerWrapper]   Working directory: 'D:\funity\Test1\actions-runner\_work'
[2026-06-04 03:45:08Z INFO ProcessInvokerWrapper]   Require exit code zero: 'False'
[2026-06-04 03:45:08Z INFO ProcessInvokerWrapper]   Encoding web name:  ; code page: ''
[2026-06-04 03:45:08Z INFO ProcessInvokerWrapper]   Force kill process on cancellation: 'False'
[2026-06-04 03:45:08Z INFO ProcessInvokerWrapper]   Redirected STDIN: 'False'
[2026-06-04 03:45:08Z INFO ProcessInvokerWrapper]   Persist current code page: 'True'
[2026-06-04 03:45:08Z INFO ProcessInvokerWrapper]   Keep redirected STDIN open: 'False'
[2026-06-04 03:45:08Z INFO ProcessInvokerWrapper]   High priority process: 'False'
[2026-06-04 03:45:08Z INFO JobServerQueue] Try to append 1 batches web console lines for record '0419f3d4-1543-41d1-8c55-361ed8aba72a', success rate: 1/1.
[2026-06-04 03:45:08Z INFO ProcessInvokerWrapper] Process started with process id 16792, waiting for process exit.
[2026-06-04 03:45:09Z INFO ProcessInvokerWrapper] STDOUT/STDERR stream read finished.
[2026-06-04 03:45:09Z INFO ProcessInvokerWrapper] STDOUT/STDERR stream read finished.
[2026-06-04 03:45:09Z INFO ProcessInvokerWrapper] Finished process 16792 with exit code 0, and elapsed time 00:00:00.0063981.
[2026-06-04 03:45:09Z INFO StepsRunner] Successfully returned to code page 65001 (UTF8)
[2026-06-04 03:45:09Z INFO HostContext] Well known directory 'Bin': 'D:\funity\Test1\actions-runner\bin'
[2026-06-04 03:45:09Z INFO HostContext] Well known directory 'Root': 'D:\funity\Test1\actions-runner'
[2026-06-04 03:45:09Z INFO HostContext] Well known directory 'Work': 'D:\funity\Test1\actions-runner\_work'
[2026-06-04 03:45:09Z INFO HostContext] Well known directory 'Actions': 'D:\funity\Test1\actions-runner\_work\_actions'
[2026-06-04 03:45:09Z INFO ActionManager] Load action that reference repository from 'D:\funity\Test1\actions-runner\_work\_actions\actions\checkout\v4'
[2026-06-04 03:45:09Z INFO HostContext] Well known directory 'Bin': 'D:\funity\Test1\actions-runner\bin'
[2026-06-04 03:45:09Z INFO HostContext] Well known directory 'Root': 'D:\funity\Test1\actions-runner'
[2026-06-04 03:45:09Z INFO HostContext] Well known directory 'Work': 'D:\funity\Test1\actions-runner\_work'
[2026-06-04 03:45:09Z INFO HostContext] Well known directory 'Actions': 'D:\funity\Test1\actions-runner\_work\_actions'
[2026-06-04 03:45:09Z INFO ActionManifestManagerLegacy] Loaded action.yml file: {
  "name": "Checkout",
  "description": "Checkout a Git repository at a particular version",
  "inputs": {
    "type": 2,
    "map": [
      {
        "key": {
          "type": 0,
          "file": 2,
          "line": 4,
          "col": 3,
          "lit": "repository"
        },
        "value": {
          "type": 3,
          "file": 2,
          "line": 6,
          "col": 14,
          "expr": "github.repository"
        }
      },
      {
        "key": {
          "type": 0,
          "file": 2,
          "line": 7,
          "col": 3,
          "lit": "ref"
        },
        "value": ""
      },
      {
        "key": {
          "type": 0,
          "file": 2,
          "line": 12,
          "col": 3,
          "lit": "token"
        },
        "value": {
          "type": 3,
          "file": 2,
          "line": 24,
          "col": 14,
          "expr": "github.token"
        }
      },
      {
        "key": {
          "type": 0,
          "file": 2,
          "line": 25,
          "col": 3,
          "lit": "ssh-key"
        },
        "value": ""
      },
      {
        "key": {
          "type": 0,
          "file": 2,
          "line": 37,
          "col": 3,
          "lit": "ssh-known-hosts"
        },
        "value": ""
      },
      {
        "key": {
          "type": 0,
          "file": 2,
          "line": 42,
          "col": 3,
          "lit": "ssh-strict"
        },
        "value": {
          "type": 0,
          "file": 2,
          "line": 47,
          "col": 14,
          "lit": "true"
        }
      },
      {
        "key": {
          "type": 0,
          "file": 2,
          "line": 48,
          "col": 3,
          "lit": "ssh-user"
        },
        "value": {
          "type": 0,
          "file": 2,
          "line": 51,
          "col": 14,
          "lit": "git"
        }
      },
      {
        "key": {
          "type": 0,
          "file": 2,
          "line": 52,
          "col": 3,
          "lit": "persist-credentials"
        },
        "value": {
          "type": 0,
          "file": 2,
          "line": 54,
          "col": 14,
          "lit": "true"
        }
      },
      {
        "key": {
          "type": 0,
          "file": 2,
          "line": 55,
          "col": 3,
          "lit": "path"
        },
        "value": ""
      },
      {
        "key": {
          "type": 0,
          "file": 2,
          "line": 57,
          "col": 3,
          "lit": "clean"
        },
        "value": {
          "type": 0,
          "file": 2,
          "line": 59,
          "col": 14,
          "lit": "true"
        }
      },
      {
        "key": {
          "type": 0,
          "file": 2,
          "line": 60,
          "col": 3,
          "lit": "filter"
        },
        "value": {
          "type": 0,
          "file": 2,
          "line": 64,
          "col": 14,
          "lit": ""
        }
      },
      {
        "key": {
          "type": 0,
          "file": 2,
          "line": 65,
          "col": 3,
          "lit": "sparse-checkout"
        },
        "value": {
          "type": 0,
          "file": 2,
          "line": 69,
          "col": 14,
          "lit": ""
        }
      },
      {
        "key": {
          "type": 0,
          "file": 2,
          "line": 70,
          "col": 3,
          "lit": "sparse-checkout-cone-mode"
        },
        "value": {
          "type": 0,
          "file": 2,
          "line": 73,
          "col": 14,
          "lit": "true"
        }
      },
      {
        "key": {
          "type": 0,
          "file": 2,
          "line": 74,
          "col": 3,
          "lit": "fetch-depth"
        },
        "value": {
          "type": 0,
          "file": 2,
          "line": 76,
          "col": 14,
          "lit": "1"
        }
      },
      {
        "key": {
          "type": 0,
          "file": 2,
          "line": 77,
          "col": 3,
          "lit": "fetch-tags"
        },
        "value": {
          "type": 0,
          "file": 2,
          "line": 79,
          "col": 14,
          "lit": "false"
        }
      },
      {
        "key": {
          "type": 0,
          "file": 2,
          "line": 80,
          "col": 3,
          "lit": "show-progress"
        },
        "value": {
          "type": 0,
          "file": 2,
          "line": 82,
          "col": 14,
          "lit": "true"
        }
      },
      {
        "key": {
          "type": 0,
          "file": 2,
          "line": 83,
          "col": 3,
          "lit": "lfs"
        },
        "value": {
          "type": 0,
          "file": 2,
          "line": 85,
          "col": 14,
          "lit": "false"
        }
      },
      {
        "key": {
          "type": 0,
          "file": 2,
          "line": 86,
          "col": 3,
          "lit": "submodules"
        },
        "value": {
          "type": 0,
          "file": 2,
          "line": 94,
          "col": 14,
          "lit": "false"
        }
      },
      {
        "key": {
          "type": 0,
          "file": 2,
          "line": 95,
          "col": 3,
          "lit": "set-safe-directory"
        },
        "value": {
          "type": 0,
          "file": 2,
          "line": 97,
          "col": 14,
          "lit": "true"
        }
      },
      {
        "key": {
          "type": 0,
          "file": 2,
          "line": 98,
          "col": 3,
          "lit": "github-server-url"
        },
        "value": ""
      }
    ]
  },
  "execution": {
    "executionType": "nodeJS",
    "hasPre": false,
    "hasPost": true,
    "script": "dist/index.js",
    "pre": null,
    "post": "dist/index.js",
    "nodeVersion": "node20",
    "cleanupCondition": "always()",
    "initCondition": "always()"
  },
  "deprecated": null
}
[2026-06-04 03:45:09Z INFO ActionManager] Action pre node.js file: N/A.
[2026-06-04 03:45:09Z INFO ActionManager] Action node.js file: dist/index.js.
[2026-06-04 03:45:09Z INFO ActionManager] Action post node.js file: dist/index.js.
[2026-06-04 03:45:09Z INFO HostContext] Well known directory 'Bin': 'D:\funity\Test1\actions-runner\bin'
[2026-06-04 03:45:09Z INFO HostContext] Well known directory 'Root': 'D:\funity\Test1\actions-runner'
[2026-06-04 03:45:09Z INFO HostContext] Well known directory 'Work': 'D:\funity\Test1\actions-runner\_work'
[2026-06-04 03:45:09Z INFO HostContext] Well known directory 'Temp': 'D:\funity\Test1\actions-runner\_work\_temp'
[2026-06-04 03:45:09Z INFO ExecutionContext] Write event payload to D:\funity\Test1\actions-runner\_work\_temp\_github_workflow\event.json
[2026-06-04 03:45:09Z INFO HostContext] Well known directory 'Bin': 'D:\funity\Test1\actions-runner\bin'
[2026-06-04 03:45:09Z INFO HostContext] Well known directory 'Root': 'D:\funity\Test1\actions-runner'
[2026-06-04 03:45:09Z INFO HostContext] Well known directory 'Work': 'D:\funity\Test1\actions-runner\_work'
[2026-06-04 03:45:09Z INFO HostContext] Well known directory 'Temp': 'D:\funity\Test1\actions-runner\_work\_temp'
[2026-06-04 03:45:09Z INFO ExtensionManager] Getting extensions for interface: 'GitHub.Runner.Worker.IFileCommandExtension'
[2026-06-04 03:45:09Z INFO ActionManifestManagerLegacy] Input 'repository': default value evaluate result: {
  "type": 0,
  "file": 2,
  "line": 6,
  "col": 14,
  "lit": "MunChaeWon/unity-qa-automation-pipeline"
}
[2026-06-04 03:45:09Z INFO ActionManifestManagerLegacy] Input 'ref': default value evaluate result: ""
[2026-06-04 03:45:09Z INFO ActionManifestManagerLegacy] Input 'token': default value evaluate result: {
  "type": 0,
  "file": 2,
  "line": 24,
  "col": 14,
  "lit": "***"
}
[2026-06-04 03:45:09Z INFO ActionManifestManagerLegacy] Input 'ssh-key': default value evaluate result: ""
[2026-06-04 03:45:09Z INFO ActionManifestManagerLegacy] Input 'ssh-known-hosts': default value evaluate result: ""
[2026-06-04 03:45:09Z INFO ActionManifestManagerLegacy] Input 'ssh-strict': default value evaluate result: {
  "type": 0,
  "file": 2,
  "line": 47,
  "col": 14,
  "lit": "true"
}
[2026-06-04 03:45:09Z INFO ActionManifestManagerLegacy] Input 'ssh-user': default value evaluate result: {
  "type": 0,
  "file": 2,
  "line": 51,
  "col": 14,
  "lit": "git"
}
[2026-06-04 03:45:09Z INFO ActionManifestManagerLegacy] Input 'persist-credentials': default value evaluate result: {
  "type": 0,
  "file": 2,
  "line": 54,
  "col": 14,
  "lit": "true"
}
[2026-06-04 03:45:09Z INFO ActionManifestManagerLegacy] Input 'path': default value evaluate result: ""
[2026-06-04 03:45:09Z INFO ActionManifestManagerLegacy] Input 'filter': default value evaluate result: {
  "type": 0,
  "file": 2,
  "line": 64,
  "col": 14,
  "lit": ""
}
[2026-06-04 03:45:09Z INFO ActionManifestManagerLegacy] Input 'sparse-checkout': default value evaluate result: {
  "type": 0,
  "file": 2,
  "line": 69,
  "col": 14,
  "lit": ""
}
[2026-06-04 03:45:09Z INFO ActionManifestManagerLegacy] Input 'sparse-checkout-cone-mode': default value evaluate result: {
  "type": 0,
  "file": 2,
  "line": 73,
  "col": 14,
  "lit": "true"
}
[2026-06-04 03:45:09Z INFO ActionManifestManagerLegacy] Input 'fetch-depth': default value evaluate result: {
  "type": 0,
  "file": 2,
  "line": 76,
  "col": 14,
  "lit": "1"
}
[2026-06-04 03:45:09Z INFO ActionManifestManagerLegacy] Input 'fetch-tags': default value evaluate result: {
  "type": 0,
  "file": 2,
  "line": 79,
  "col": 14,
  "lit": "false"
}
[2026-06-04 03:45:09Z INFO ActionManifestManagerLegacy] Input 'show-progress': default value evaluate result: {
  "type": 0,
  "file": 2,
  "line": 82,
  "col": 14,
  "lit": "true"
}
[2026-06-04 03:45:09Z INFO ActionManifestManagerLegacy] Input 'lfs': default value evaluate result: {
  "type": 0,
  "file": 2,
  "line": 85,
  "col": 14,
  "lit": "false"
}
[2026-06-04 03:45:09Z INFO ActionManifestManagerLegacy] Input 'submodules': default value evaluate result: {
  "type": 0,
  "file": 2,
  "line": 94,
  "col": 14,
  "lit": "false"
}
[2026-06-04 03:45:09Z INFO ActionManifestManagerLegacy] Input 'set-safe-directory': default value evaluate result: {
  "type": 0,
  "file": 2,
  "line": 97,
  "col": 14,
  "lit": "true"
}
[2026-06-04 03:45:09Z INFO ActionManifestManagerLegacy] Input 'github-server-url': default value evaluate result: ""
[2026-06-04 03:45:09Z INFO ExtensionManager] Getting extensions for interface: 'GitHub.Runner.Worker.IActionCommandExtension'
[2026-06-04 03:45:09Z INFO ActionCommandManager] Register action command extension for command internal-set-repo-path
[2026-06-04 03:45:09Z INFO ActionCommandManager] Register action command extension for command set-env
[2026-06-04 03:45:09Z INFO ActionCommandManager] Register action command extension for command set-output
[2026-06-04 03:45:09Z INFO ActionCommandManager] Register action command extension for command save-state
[2026-06-04 03:45:09Z INFO ActionCommandManager] Register action command extension for command add-path
[2026-06-04 03:45:09Z INFO ActionCommandManager] Register action command extension for command add-mask
[2026-06-04 03:45:09Z INFO ActionCommandManager] Register action command extension for command add-matcher
[2026-06-04 03:45:09Z INFO ActionCommandManager] Register action command extension for command remove-matcher
[2026-06-04 03:45:09Z INFO ActionCommandManager] Register action command extension for command warning
[2026-06-04 03:45:09Z INFO ActionCommandManager] Register action command extension for command error
[2026-06-04 03:45:09Z INFO ActionCommandManager] Register action command extension for command notice
[2026-06-04 03:45:09Z INFO ActionCommandManager] Register action command extension for command debug
[2026-06-04 03:45:09Z INFO ActionCommandManager] Register action command extension for command group
[2026-06-04 03:45:09Z INFO ActionCommandManager] Register action command extension for command endgroup
[2026-06-04 03:45:09Z INFO ActionCommandManager] Register action command extension for command echo
[2026-06-04 03:45:09Z INFO HostContext] Well known directory 'Bin': 'D:\funity\Test1\actions-runner\bin'
[2026-06-04 03:45:09Z INFO HostContext] Well known directory 'Root': 'D:\funity\Test1\actions-runner'
[2026-06-04 03:45:09Z INFO HostContext] Well known directory 'Externals': 'D:\funity\Test1\actions-runner\externals'
[2026-06-04 03:45:09Z INFO ProcessInvokerWrapper] Starting process:
[2026-06-04 03:45:09Z INFO ProcessInvokerWrapper]   File name: 'D:\funity\Test1\actions-runner\externals\node24\bin\node.exe'
[2026-06-04 03:45:09Z INFO ProcessInvokerWrapper]   Arguments: '"D:\funity\Test1\actions-runner\_work\_actions\actions\checkout\v4\dist/index.js"'
[2026-06-04 03:45:09Z INFO ProcessInvokerWrapper]   Working directory: 'D:\funity\Test1\actions-runner\_work\unity-qa-automation-pipeline\unity-qa-automation-pipeline'
[2026-06-04 03:45:09Z INFO ProcessInvokerWrapper]   Require exit code zero: 'False'
[2026-06-04 03:45:09Z INFO ProcessInvokerWrapper]   Encoding web name: utf-8 ; code page: '65001'
[2026-06-04 03:45:09Z INFO ProcessInvokerWrapper]   Force kill process on cancellation: 'False'
[2026-06-04 03:45:09Z INFO ProcessInvokerWrapper]   Redirected STDIN: 'False'
[2026-06-04 03:45:09Z INFO ProcessInvokerWrapper]   Persist current code page: 'True'
[2026-06-04 03:45:09Z INFO ProcessInvokerWrapper]   Keep redirected STDIN open: 'False'
[2026-06-04 03:45:09Z INFO ProcessInvokerWrapper]   High priority process: 'False'
[2026-06-04 03:45:09Z INFO ProcessInvokerWrapper] Process started with process id 31148, waiting for process exit.
[2026-06-04 03:45:09Z INFO AddMaskCommandExtension] Add new secret mask with length of 32
[2026-06-04 03:45:09Z INFO JobServerQueue] Try to append 1 batches web console lines for record '0704e687-8fdd-47b9-9ef0-eb52b40e76af', success rate: 1/1.
[2026-06-04 03:45:09Z INFO JobServerQueue] Try to upload 2 log files or attachments, success rate: 2/2.
[2026-06-04 03:45:09Z INFO JobServerQueue] Tried to upload 1 file(s) to results, success rate: 1/1.
[2026-06-04 03:45:09Z INFO JobServerQueue] Try to append 1 batches web console lines for record '0704e687-8fdd-47b9-9ef0-eb52b40e76af', success rate: 1/1.
[2026-06-04 03:45:09Z INFO ProcessInvokerWrapper] STDOUT/STDERR stream read finished.
[2026-06-04 03:45:09Z INFO ProcessInvokerWrapper] STDOUT/STDERR stream read finished.
[2026-06-04 03:45:09Z INFO ProcessInvokerWrapper] Finished process 31148 with exit code 0, and elapsed time 00:00:00.7696332.
[2026-06-04 03:45:09Z INFO CreateStepSummaryCommand] Step Summary file (D:\funity\Test1\actions-runner\_work\_temp\_runner_file_commands\step_summary_6be3cd0c-6612-4e2a-83b8-c26bd557f559) is empty; skipping attachment upload
[2026-06-04 03:45:09Z INFO StepsRunner] Step result: 
[2026-06-04 03:45:09Z INFO ExecutionContext] Publish step telemetry for current step {
  "action": "actions/checkout",
  "ref": "v4",
  "type": "node24",
  "stage": "Post",
  "stepId": "0704e687-8fdd-47b9-9ef0-eb52b40e76af",
  "result": "succeeded",
  "errorMessages": [
    "The process 'C:\\Program Files\\Git\\cmd\\git.exe' failed with exit code 128"
  ],
  "executionTimeInSeconds": 1,
  "startTime": "2026-06-04T03:45:08.9935618Z",
  "finishTime": "2026-06-04T03:45:09.7805107Z"
}.
[2026-06-04 03:45:09Z INFO StepsRunner] No need for updating job result with current step result 'Succeeded'.
[2026-06-04 03:45:09Z INFO StepsRunner] Current state: job state = 'Failed'
[2026-06-04 03:45:09Z INFO JobRunner] Finalize job.
[2026-06-04 03:45:09Z INFO HostContext] Well known directory 'Bin': 'D:\funity\Test1\actions-runner\bin'
[2026-06-04 03:45:09Z INFO HostContext] Well known directory 'Root': 'D:\funity\Test1\actions-runner'
[2026-06-04 03:45:09Z INFO HostContext] Well known directory 'Diag': 'D:\funity\Test1\actions-runner\_diag'
[2026-06-04 03:45:09Z INFO HostContext] Well known directory 'Bin': 'D:\funity\Test1\actions-runner\bin'
[2026-06-04 03:45:09Z INFO HostContext] Well known directory 'Root': 'D:\funity\Test1\actions-runner'
[2026-06-04 03:45:09Z INFO HostContext] Well known directory 'Diag': 'D:\funity\Test1\actions-runner\_diag'
[2026-06-04 03:45:09Z INFO JobExtension] Initialize Env context
[2026-06-04 03:45:09Z INFO JobExtension] Initialize steps context
[2026-06-04 03:45:09Z INFO JobExtension] Total accessible running process: 297.
[2026-06-04 03:45:09Z INFO JobExtension] Wait for all connectivity checks to finish.
[2026-06-04 03:45:09Z INFO JobExtension] Connectivity check result: GitHub.Runner.Worker.JobExtension+CheckResult
[2026-06-04 03:45:09Z INFO JobExtension] Connectivity check result: GitHub.Runner.Worker.JobExtension+CheckResult
[2026-06-04 03:45:09Z INFO JobExtension] Connectivity check result: GitHub.Runner.Worker.JobExtension+CheckResult
[2026-06-04 03:45:09Z INFO ExecutionContext] Publish step telemetry for current step {
  "action": "complete_job",
  "type": "runner",
  "stage": "Post",
  "stepId": "47f3ede8-a272-497c-ae6a-ec9a043c558c",
  "result": "succeeded",
  "errorMessages": [
    "Node.js 20 is deprecated. The following actions target Node.js 20 but are being forced to run on Node.js 24: actions/checkout@v4. For more information see: https://github.blog/changelog/2025-09-19-deprecation-of-node-20-on-github-actions-runners/"
  ],
  "executionTimeInSeconds": 1,
  "startTime": "2026-06-04T03:45:09.783578Z",
  "finishTime": "2026-06-04T03:45:09.7918572Z"
}.
[2026-06-04 03:45:09Z INFO JobRunner] Job result after all job steps finish: Failed
[2026-06-04 03:45:09Z INFO JobRunner] Completing the job execution context.
[2026-06-04 03:45:09Z INFO JobRunner] Shutting down the job server queue.
[2026-06-04 03:45:09Z INFO JobServerQueue] Fire signal to shutdown all queues.
[2026-06-04 03:45:10Z INFO JobServerQueue] All queue process task stopped.
[2026-06-04 03:45:10Z INFO JobServerQueue] Try to append 1 batches web console lines for record '0704e687-8fdd-47b9-9ef0-eb52b40e76af', success rate: 1/1.
[2026-06-04 03:45:10Z INFO JobServerQueue] Try to append 1 batches web console lines for record '47f3ede8-a272-497c-ae6a-ec9a043c558c', success rate: 1/1.
[2026-06-04 03:45:10Z INFO JobServerQueue] Web console line queue drained.
[2026-06-04 03:45:10Z INFO JobServerQueue] Uploading 3 files in one shot.
[2026-06-04 03:45:10Z INFO JobServerQueue] Try to upload 3 log files or attachments, success rate: 3/3.
[2026-06-04 03:45:10Z INFO JobServerQueue] File upload queue drained.
[2026-06-04 03:45:10Z INFO JobServerQueue] Starting results-based upload queue...
[2026-06-04 03:45:10Z INFO JobServerQueue] Uploading 4 file(s) in one shot through results service.
[2026-06-04 03:45:10Z INFO JobServerQueue] Got a step log file to send to results service.
[2026-06-04 03:45:10Z INFO JobServerQueue] Starting upload of step log file to results service ResultsLog, D:\funity\Test1\actions-runner\_diag\blocks\ba1315ed-e680-4683-b641-2fd5bd90bff4_0419f3d4-1543-41d1-8c55-361ed8aba72a.1
[2026-06-04 03:45:11Z INFO JobServerQueue] Got a step log file to send to results service.
[2026-06-04 03:45:11Z INFO JobServerQueue] Starting upload of step log file to results service ResultsLog, D:\funity\Test1\actions-runner\_diag\blocks\ba1315ed-e680-4683-b641-2fd5bd90bff4_0704e687-8fdd-47b9-9ef0-eb52b40e76af.1
[2026-06-04 03:45:11Z INFO JobServerQueue] Got a step log file to send to results service.
[2026-06-04 03:45:11Z INFO JobServerQueue] Starting upload of step log file to results service ResultsLog, D:\funity\Test1\actions-runner\_diag\blocks\ba1315ed-e680-4683-b641-2fd5bd90bff4_47f3ede8-a272-497c-ae6a-ec9a043c558c.1
[2026-06-04 03:45:12Z INFO JobServerQueue] Got a job log file to send to results service.
[2026-06-04 03:45:12Z INFO JobServerQueue] Starting upload of job log file to results service ResultsLog, D:\funity\Test1\actions-runner\_diag\blocks\ba1315ed-e680-4683-b641-2fd5bd90bff4_54249894-3212-578e-a265-fe5f8b07f697.1
[2026-06-04 03:45:13Z INFO JobServerQueue] Tried to upload 4 file(s) to results, success rate: 4/4.
[2026-06-04 03:45:13Z INFO JobServerQueue] Results upload queue drained.
[2026-06-04 03:45:13Z INFO JobServerQueue] Timeline update queue drained.
[2026-06-04 03:45:13Z INFO JobServerQueue] Disposing job server ...
[2026-06-04 03:45:13Z INFO JobServerQueue] Disposing results server ...
[2026-06-04 03:45:13Z INFO JobServerQueue] All queue process tasks have been stopped, and all queues are drained.
[2026-06-04 03:45:13Z INFO TempDirectoryManager] Cleaning runner temp folder: D:\funity\Test1\actions-runner\_work\_temp
[2026-06-04 03:45:13Z INFO HostContext] Well known directory 'Bin': 'D:\funity\Test1\actions-runner\bin'
[2026-06-04 03:45:13Z INFO HostContext] Well known directory 'Root': 'D:\funity\Test1\actions-runner'
[2026-06-04 03:45:13Z INFO HostContext] Well known directory 'Diag': 'D:\funity\Test1\actions-runner\_diag'
[2026-06-04 03:45:13Z INFO HostContext] Well known config file 'Telemetry': 'D:\funity\Test1\actions-runner\_diag\.telemetry'
[2026-06-04 03:45:13Z INFO JobRunner] Raising job completed against run service
[2026-06-04 03:45:14Z INFO Worker] Job completed.
